SNP	CHR	BP	Gene	BETA_m	SE_m	P_m	BETA_fixed	SE_fixed	P_fixed	OR_fixed	tau2	I2	BETA_random	SE_random	P_random	OR_random	substantial_diff	note
rs13019891	2	113072292	STAT4	-0.459766349199045	0.0305117686196163	2.61001590498646e-51	-0.459766349199045	0.0305117686196163	2.61001590498646e-51	0.631	0.109311	97.5	-0.3287	0.2367	0.164887802381009	0.72	FALSE	Consistent
rs1800629	6	31575254	TNF/HLA	0.559892828596288	0.0433937141853052	4.35021018431788e-38	0.559892828596288	0.0433937141853052	4.35021018431788e-38	1.75	0.165731	85.9	0.3123	0.3079	0.310520974620677	1.366	TRUE	Random and fixed effects diverge — interpret cautiously
rs1612904	6	32701241	rs1612904	-0.398397043704096	0.0319048623816513	8.78706910663239e-36	-0.398397043704096	0.0319048623816513	8.78706910663239e-36	0.671	0.215686	98.6	-0.2142	0.3307	0.517078850980166	0.807	TRUE	Random and fixed effects diverge — interpret cautiously
rs3807306	7	128940626	IRF5	0.270482147848497	0.0294938143565082	4.69480843761541e-20	0.270482147848497	0.0294938143565082	4.69480843761541e-20	1.311	0.025035	91.5	0.2166	0.1169	0.0638797341245755	1.242	FALSE	Consistent
rs1233478	6	29510044	rs1233478	0.349958344911342	0.0397231469970319	1.25218393248681e-18	0.349958344911342	0.0397231469970319	1.25218393248681e-18	1.419	0.009841	62.7	0.3123	0.0857	0.000268281967372726	1.367	FALSE	Consistent
rs7823055	8	54599116	XKR6/BLK	-0.246991468311428	0.02882797826145	1.05508866946966e-17	-0.246991468311428	0.02882797826145	1.05508866946966e-17	0.781	0.066477	97	-0.168	0.1851	0.364120393795755	0.845	FALSE	Consistent
rs200484	6	27807896	HLA-upstream	0.370045235972495	0.0456864319284806	5.51063482135028e-16	0.370045235972495	0.0456864319284806	5.51063482135028e-16	1.448	0.087913	94.2	0.2724	0.2159	0.207118066879635	1.313	FALSE	Consistent
rs71557334	6	26365685	HLA-upstream	0.339706219217015	0.0444919457830953	2.2541842680046e-14	0.339706219217015	0.0444919457830953	2.2541842680046e-14	1.405	0.057323	91.8	0.262	0.1766	0.137849356126633	1.3	FALSE	Consistent
rs4843868	16	85939795	rs4843868	-0.237488159809428	0.0392904485695783	1.4994401450144e-09	-0.237488159809428	0.0392904485695783	1.4994401450144e-09	0.789	0.03326	88.5	-0.1725	0.1368	0.20750584618264	0.842	FALSE	Consistent
rs1422673	5	151059427	rs1422673	0.188979319979961	0.0314530816266049	1.87487165332531e-09	0.188979319979961	0.0314530816266049	1.87487165332531e-09	1.208	0.018109	89.8	0.1716	0.1004	0.0874018448041883	1.187	FALSE	Consistent
rs3925075	16	31336427	rs3925075	-0.164541020413402	0.0292904220525857	1.93660799378439e-08	-0.164541020413402	0.0292904220525857	1.93660799378439e-08	0.848	0.045583	94.9	-0.085	0.1549	0.583107654670273	0.919	FALSE	Consistent
rs2736340	8	11486464	rs2736340	0.172891265911768	0.0310397479972125	2.547454792961e-08	0.172891265911768	0.0310397479972125	2.547454792961e-08	1.189	0.034622	94.1	0.1294	0.1356	0.339834201172715	1.138	FALSE	Consistent
