RSID	CHR	BP	Gene	P_fixed	I2	tau2	BETA_random	P_random	Substantial_Diff	Note
rs10036748	5	151078585	TNIP1	2.96174490520853e-22	60.6903549014395	0.00217507524720894	0.239965302807672	1.17390983944232e-08	FALSE	Consistent
rs10109025	8	10958061	XKR6	1.34966772652347e-10	0	0	-0.156074743537704	1.34966772652347e-10	FALSE	No between-study variance
rs1078324	5	149822705	PPARGC1B	2.43337478223255e-15	95.5296653407449	0.163890934531292	-0.423129468512333	0.148523288316547	FALSE	Consistent
rs10912578	1	173282717	TNFSF4	1.75373755085608e-13	91.4581034404693	0.014746474094541	0.159393064702519	0.0757641980042821	FALSE	Consistent
rs11066188	12	112172910	HECTD4	5.01535492543706e-10	0	0	0.146647150598001	5.01535492543706e-10	FALSE	No between-study variance
rs12928726	16	11097715	CLEC16A	3.07722966427189e-09	0	0	-0.13817263617087	3.07722966427189e-09	FALSE	No between-study variance
rs13019891	2	113072292	IL1F10	5.63593818733971e-58	99.1507050046481	0.141000315028381	-0.296149573756005	0.266732048688874	FALSE	Consistent
rs13135381	4	101822196	BANK1	6.90635845367651e-11	0	0	-0.159926395659636	6.90635845367651e-11	FALSE	No between-study variance
rs13202295	6	27731058	HLA / H2BC13	3.00731621959419e-52	0	0	0.624244074351646	3.00731621959418e-52	FALSE	No between-study variance
rs13332649	16	85933077	IRF8	9.572717561106e-16	91.8328897299718	0.0187572232639384	-0.214923383574627	0.0334280787919445	FALSE	Consistent
rs1464446	3	146883508	LINC02010	4.36364491053658e-08	97.4718690218468	0.0826209291769256	-0.123924847065426	0.547192565593338	FALSE	Consistent
rs2431098	5	160460329	PTTG1	6.39228981401916e-19	47.9378314667889	0.00112190293311032	0.206383638421371	1.08902718188012e-09	FALSE	Consistent
rs2573219	2	232423957	ALPG	3.88011246189924e-29	98.4068205234715	0.209118294321923	0.264189885085733	0.417646223453249	FALSE	Consistent
rs2647928	3	160030028	IL12A	2.11129160873984e-11	0	0	-0.16611172251783	2.11129160873984e-11	FALSE	No between-study variance
rs2921036	8	8506387	PRAG1	2.06136169731738e-08	0	0	-0.129804430807044	2.06136169731738e-08	FALSE	No between-study variance
rs34572943	16	31261032	ITGAM	2.68623547210467e-51	91.8897110408191	0.0296634149084745	0.464513377744884	0.000254324726090233	FALSE	Consistent
rs35000415	7	128945562	IRF5	9.6761290554738e-57	89.4894298910675	0.017820590769325	0.489844568239034	9.11256969934102e-07	FALSE	Consistent
rs35251378	19	10349293	TYK2	1.51367004421528e-13	79.2391949274124	0.00583338213741679	-0.178982223173902	0.00311358912552343	FALSE	Consistent
rs353608	11	35080191	CD44	4.73441705748385e-12	67.3266431101225	0.00241387255849687	-0.148552109375243	0.000416946816548318	FALSE	Consistent
rs35400317	6	26593047	HLA / ABT1	6.02593238161975e-48	0	0	0.602553055824127	6.02593238161975e-48	FALSE	No between-study variance
rs35789010	6	25513951	HLA / CARMIL1	7.04490926740204e-30	0	0	0.520661900072117	7.04490926740204e-30	FALSE	No between-study variance
rs367543	8	9176638	PPP1R3B	2.4311762842012e-09	0	0	-0.14528205876126	2.4311762842012e-09	FALSE	No between-study variance
rs3809823	17	7330980	NEURL4	1.30274635479262e-09	0	0	0.168847401391264	1.30274635479262e-09	FALSE	No between-study variance
rs41266779	6	26021644	HLA / H4C1	1.67641962059515e-34	0	0	0.538200566885116	1.67641962059515e-34	FALSE	No between-study variance
rs41317094	6	33170238	HLA / COL11A2	1.95332960411648e-43	0	0	0.662433278188918	1.95332960411648e-43	FALSE	No between-study variance
rs4661543	1	14902605	KAZN	2.71818080046913e-08	91.0169768135655	0.0403568386371632	-0.132886427169542	0.371553342013455	FALSE	Consistent
rs4840568	8	11493510	BLK	1.09155428048101e-23	0	0	0.253206621495572	1.09155428048101e-23	FALSE	No between-study variance
rs4853458	2	191094763	STAT4	4.07604197286915e-72	95.2002825437363	0.0296192815363868	0.436595769616767	0.000463868644712721	FALSE	Consistent
rs512681	2	118692587	EN1	1.62864455658548e-08	94.8108748485585	0.0395722609960272	-0.157999975666993	0.274057199203415	FALSE	Consistent
rs58688157	11	625085	CDHR5	1.00797273130947e-10	81.8076094401634	0.00778645276623935	-0.158542722057928	0.0212867777792917	FALSE	Consistent
rs58721818	6	137922602	TNFAIP3	6.40913126960698e-22	0	0	0.619699515821451	6.40913126960698e-22	FALSE	No between-study variance
rs597808	12	111535554	ATXN2	9.89152490264121e-13	0	0	-0.168239025897998	9.89152490264121e-13	FALSE	No between-study variance
rs5994638	22	21598987	UBE2L3	7.63098342695793e-14	84.3042384327112	0.00786494831913524	0.181263430986568	0.00790537248480922	FALSE	Consistent
rs66462181	6	27123882	HLA / H2BC11	2.99342336272836e-46	0	0	0.593506559019087	2.99342336272836e-46	FALSE	No between-study variance
rs6671847	1	161509020	FCGR2A	7.60917787548015e-13	71.0924667545175	0.00290675004360231	0.157429060412993	0.000475580079742973	FALSE	Consistent
rs6679677	1	113761186	RSBN1	2.94692430581243e-20	0	0	0.32167040777601	2.94692430581243e-20	FALSE	No between-study variance
rs67981811	6	28387058	HLA / ZSCAN12	1.11621733167582e-53	0	0	0.630489209012486	1.11621733167582e-53	FALSE	No between-study variance
rs7097397	10	48817351	WDFY4	1.23957345164614e-11	62.9550520772808	0.00212220940108101	-0.150443643657254	0.000220881400906547	FALSE	Consistent
rs73050535	12	4903337	KCNA1	4.81781912589171e-10	0	0	-0.702936964348874	4.81781912589171e-10	FALSE	No between-study variance
rs7581149	2	65332507	SPRED2	8.01849965136462e-09	0	0	0.13385935416655	8.01849965136462e-09	FALSE	No between-study variance
rs77322067	6	33684765	HLA / ITPR3	2.67146874651631e-17	0	0	0.530020989214188	2.67146874651631e-17	FALSE	No between-study variance
rs7768653	6	106126919	ATG5	1.57317310208569e-13	68.7948739478315	0.00268461410258851	0.1666486867355	0.000152598361598631	FALSE	Consistent
rs7823055	8	54599116	RP1	2.74912878015984e-24	97.8662195387533	0.0549863072099732	0.184181182637154	0.271810440327545	FALSE	Consistent
rs9630991	2	190567413	NEMP2	4.58334068888215e-11	0	0	0.150381167006367	4.58334068888215e-11	FALSE	No between-study variance
rs9852014	3	129365738	EFCAB12	4.07253232145667e-24	98.2233636357032	0.212965122381273	0.293484741925831	0.372725157372374	FALSE	Consistent
