SNP_A	SNP_B	Gene_A	Gene_B	BP_A	BP_B	Distance_kb	Distance_Mb	Independent_at_1Mb
rs71557334	rs200484	HLA-upstream	HLA-upstream	26365685	27807896	1442	1.442	TRUE
rs71557334	rs1233478	HLA-upstream	rs1233478	26365685	29510044	3144	3.144	TRUE
rs71557334	rs1800629	HLA-upstream	TNF/HLA	26365685	31575254	5210	5.21	TRUE
rs71557334	rs1612904	HLA-upstream	rs1612904	26365685	32701241	6336	6.336	TRUE
rs200484	rs1233478	HLA-upstream	rs1233478	27807896	29510044	1702	1.702	TRUE
rs200484	rs1800629	HLA-upstream	TNF/HLA	27807896	31575254	3767	3.767	TRUE
rs200484	rs1612904	HLA-upstream	rs1612904	27807896	32701241	4893	4.893	TRUE
rs1233478	rs1800629	rs1233478	TNF/HLA	29510044	31575254	2065	2.065	TRUE
rs1233478	rs1612904	rs1233478	rs1612904	29510044	32701241	3191	3.191	TRUE
rs1800629	rs1612904	TNF/HLA	rs1612904	31575254	32701241	1126	1.126	TRUE
