Locus	Gene	Tissue	PP4
rs6671847	RPS23P10	Whole_Blood	1.95665948199665e-07
rs6671847	FCGR2C	Whole_Blood	0.981531671648298
rs6671847	FCGR2C	Spleen	0.900224288410802
rs6671847	HSPA7	Whole_Blood	1.25230964186287e-05
rs6671847	HSPA7	Spleen	0.971161159906002
rs6671847	FCGR2B	Whole_Blood	2.87048987794273e-06
rs6671847	SDHC	Whole_Blood	0.0685457287948829
rs6671847	SDHC	Spleen	0.0687334661318547
rs10912578	PRDX6	Whole_Blood	0.046919428175871
rs17849501	SMG7-AS1	Whole_Blood	0.828251773645214
rs17849501	ARPC5	Whole_Blood	1.39952476833587e-05
rs17849501	ARPC5	Spleen	0.0167876479878994
rs17849501	SMG7	Whole_Blood	0.00312874317338823
rs17849501	SMG7	Spleen	0.0136498801753647
rs4853458	GLS	Whole_Blood	0.320971821962475
rs389884	HSPA1B	Whole_Blood	0.976510955993217
rs389884	TNXA	Spleen	0.634792582950378
rs389884	C2	Whole_Blood	0.924555252279039
rs389884	NELFE	Whole_Blood	0.853617881923632
rs389884	RNF5	Spleen	0.275885545642182
rs389884	NEU1	Whole_Blood	0.885924760094147
rs389884	FKBPL	Whole_Blood	0.000231484461129129
rs389884	PBX2	Whole_Blood	0.0438014814479252
rs12533633	GTF2I	Whole_Blood	0.0172791415110427
rs12533633	GTF2I	Spleen	0.0172804499542256
rs693109	RPL10P19	Spleen	0.997927359407576
rs693109	MFHAS1	Whole_Blood	0.015680445916769
rs693109	MFHAS1	Spleen	0.506697518467752
rs693109	ERI1	Whole_Blood	0.00826890852831853
rs34208825	SLC35G5	Whole_Blood	0.00672529796718756
rs34208825	SLC35G5	Spleen	0.553926574580775
rs12928726	RMI2	Whole_Blood	0.0174903335317674
rs12928726	RMI2	Spleen	0.0190007014488155
rs34572943	PRSS53	Whole_Blood	0.00888821215209269
rs34572943	KAT8	Whole_Blood	0.0278568755926433
rs34572943	KAT8	Spleen	0.0220426325095946
rs34572943	BCKDK	Whole_Blood	0.0507565350212119
rs34572943	VKORC1	Spleen	0.419038072830838
rs34572943	ITGAX	Whole_Blood	1.09854576550052e-38
rs34572943	ITGAX	Spleen	0.000248899217371542
rs13332649	COX4I1	Whole_Blood	0.056894181151176
rs13332649	EMC8	Whole_Blood	0.0300698715688557
