Locus	Gene	Tissue	PP4	SNPs	Max_eQTL_P	Symbol
rs3809823	ENSG00000072818	Whole_Blood	0.983434882684976	1072	0.999367	ACAP1
rs3809823	ENSG00000072818	Spleen	0.97520086948685	1052	0.998434	ACAP1
rs11998678	ENSG00000255310	Spleen	0.974953592830214	1540	0.999117	ENSG00000255310
rs389884	ENSG00000214894	Whole_Blood	0.97412940620092	197	0.977803	LINC00243
rs4840568	ENSG00000269954	Spleen	0.970291848330761	1692	0.999064	BLK-AS1
rs4840568	ENSG00000283674	Spleen	0.964822877238501	183	0.952486	ENSG00000283674
rs389884	ENSG00000244731	Spleen	0.962214126538333	957	0.988946	C4A
rs4840568	ENSG00000154319	Spleen	0.961508802054379	1692	0.998663	ENSG00000154319
rs5994638	ENSG00000185651	Whole_Blood	0.957442877112882	659	0.996781	UBE2L3
rs4840568	ENSG00000136573	Spleen	0.957132025518536	1692	0.996223	BLK
rs11998678	ENSG00000269918	Whole_Blood	0.94387570974339	1560	0.993357	ENSG00000269918
rs5994638	ENSG00000161180	Spleen	0.942234185265625	648	0.986609	CCDC116
rs389884	ENSG00000204536	Spleen	0.931758195470221	805	0.99625	CCHCR1
rs389884	ENSG00000213719	Whole_Blood	0.931670901456117	964	0.997747	CLIC1
rs367543	ENSG00000253893	Spleen	0.926254935809684	1039	0.999825	FAM85B
rs7097397	ENSG00000228403	Spleen	0.908339326101143	1424	0.999576	ENSG00000228403
rs353608	ENSG00000289526	Spleen	0.901266469155677	1685	0.997501	ENSG00000289526
rs3809823	ENSG00000161956	Whole_Blood	0.893678849695376	1072	0.999941	SENP3
rs4840568	ENSG00000079459	Whole_Blood	0.892933989373898	1729	0.99951	FDFT1
rs11998678	ENSG00000284957	Spleen	0.888594897864291	1540	0.955324	ENSG00000284957
rs138214281	ENSG00000186075	Spleen	0.880762533488169	1021	0.989195	ZPBP2
rs34208825	ENSG00000154328	Whole_Blood	0.876217434882994	1564	0.99931	NEIL2
rs11066320	ENSG00000111275	Whole_Blood	0.875914198215001	554	0.993533	ALDH2
rs11998678	ENSG00000283674	Spleen	0.867609656416546	1540	0.995006	ENSG00000283674
rs11066188	ENSG00000111275	Whole_Blood	0.864065688816316	484	0.999782	ALDH2
rs3809823	ENSG00000219200	Whole_Blood	0.862561722896967	1072	0.999315	RNASEK
rs11998678	ENSG00000177710	Spleen	0.85048844287738	1540	0.999707	ENSG00000177710
rs58688157	ENSG00000069696	Spleen	0.829190850275281	1452	0.999133	DRD4
rs138214281	ENSG00000073605	Whole_Blood	0.82360182879017	1034	0.998258	GSDMB
rs138214281	ENSG00000172057	Spleen	0.822816494452155	1021	0.996393	ORMDL3
rs138214281	ENSG00000073605	Spleen	0.819834963291996	1021	0.996708	GSDMB
rs11998678	ENSG00000171044	Spleen	0.81545553144299	1540	0.999467	XKR6
rs11998678	ENSG00000269918	Spleen	0.814711329014761	1540	0.999952	ENSG00000269918
rs35251378	ENSG00000105397	Whole_Blood	0.806257620675076	1067	0.996076	TYK2
rs4840568	ENSG00000136573	Whole_Blood	0.805357576668204	1729	0.99884	BLK
