rsId	variantId	geneSymbol	gencodeId	tissue	pval	nes
rs34208825	chr8_11157106_T_G_b38	ENSG00000255310	ENSG00000255310.2	Cells_EBV-transformed_lymphocytes	4.18327454957015e-33	-0.614808976650238
rs34208825	chr8_11157106_T_G_b38	ENSG00000269918	ENSG00000269918.1	Cells_EBV-transformed_lymphocytes	1.54248587725188e-28	-0.502479553222656
rs34208825	chr8_11157106_T_G_b38	ENSG00000269918	ENSG00000269918.1	Spleen	3.13104390848758e-23	-0.415766090154648
rs34208825	chr8_11157106_T_G_b38	ENSG00000255310	ENSG00000255310.2	Spleen	5.14226624681598e-17	-0.408783346414566
rs34208825	chr8_11157106_T_G_b38	ENSG00000284957	ENSG00000284957.1	Cells_EBV-transformed_lymphocytes	1.41622838482505e-15	0.523526191711426
rs389884	chr6_31973120_A_G_b38	C4A	ENSG00000244731.8	Whole_Blood	4.01772746836275e-47	-1.07263970375061
rs389884	chr6_31973120_A_G_b38	C4B	ENSG00000224389.9	Whole_Blood	4.1217536296896e-42	1.09972012042999
rs389884	chr6_31973120_A_G_b38	CYP21A1P	ENSG00000204338.8	Whole_Blood	3.15384086655181e-30	-0.802171289920807
rs389884	chr6_31973120_A_G_b38	CYP21A2	ENSG00000231852.9	Whole_Blood	4.22030689699939e-22	0.784387290477753
rs389884	chr6_31973120_A_G_b38	HLA-DQB1	ENSG00000179344.17	Whole_Blood	9.6711661262136e-14	-0.434946656227112
