rsId	variantId	geneSymbol	gencodeId	tissue	pval	nes
rs35000415	chr7_128945562_C_T_b38	IRF5	ENSG00000128604.20	Whole_Blood	1.14644392836764e-13	0.287634789943695
rs35000415	chr7_128945562_C_T_b38	TNPO3	ENSG00000064419.14	Whole_Blood	2.29255361184464e-06	-0.141988441348076
rs67981811	chr6_28387058_C_G_b38	ZKSCAN4	ENSG00000187626.9	Whole_Blood	2.37161307523088e-10	0.259953230619431
rs67981811	chr6_28387058_C_G_b38	ZSCAN26	ENSG00000197062.12	Spleen	4.63097375908778e-06	-0.388611495494843
rs67981811	chr6_28387058_C_G_b38	ENSG00000280107	ENSG00000280107.1	Spleen	9.49365984375149e-06	-0.716842114925385
rs13202295	chr6_27731058_C_T_b38	ZKSCAN4	ENSG00000187626.9	Whole_Blood	1.44796185530393e-09	0.25133490562439
rs13202295	chr6_27731058_C_T_b38	ENSG00000280107	ENSG00000280107.1	Spleen	9.1055448319029e-07	-0.776051163673401
rs13202295	chr6_27731058_C_T_b38	PRSS16	ENSG00000112812.16	Spleen	7.5954406105111e-06	0.605553209781647
rs35400317	chr6_26593047_C_T_b38	BTN3A2	ENSG00000186470.14	Whole_Blood	4.86760825719449e-90	-1.03208327293396
rs35400317	chr6_26593047_C_T_b38	BTN3A2	ENSG00000186470.14	Spleen	1.09921735785311e-38	-1.60980248451233
rs35400317	chr6_26593047_C_T_b38	BTN3A2	ENSG00000186470.14	Cells_EBV-transformed_lymphocytes	1.08424330765711e-29	-1.27066075801849
rs35400317	chr6_26593047_C_T_b38	ENSG00000272462	ENSG00000272462.4	Whole_Blood	1.42350282545362e-07	0.316242814064026
rs35400317	chr6_26593047_C_T_b38	PRSS16	ENSG00000112812.16	Spleen	5.39964363238763e-07	0.681144058704376
rs66462181	chr6_27123882_T_C_b38	BTN3A2	ENSG00000186470.14	Whole_Blood	9.29883364607633e-83	-1.01314389705658
rs66462181	chr6_27123882_T_C_b38	BTN3A2	ENSG00000186470.14	Spleen	8.46011657004249e-36	-1.57432878017426
rs66462181	chr6_27123882_T_C_b38	BTN3A2	ENSG00000186470.14	Cells_EBV-transformed_lymphocytes	1.65131029445927e-27	-1.25511062145233
rs66462181	chr6_27123882_T_C_b38	PRSS16	ENSG00000112812.16	Spleen	6.01891407722156e-07	0.682033956050873
rs66462181	chr6_27123882_T_C_b38	ZNF602P	ENSG00000219392.2	Spleen	9.74829282213322e-06	-0.701619863510132
rs41266779	chr6_26021644_C_T_b38	BTN3A2	ENSG00000186470.14	Whole_Blood	1.72016602428813e-53	-0.950506567955017
rs41266779	chr6_26021644_C_T_b38	BTN3A2	ENSG00000186470.14	Spleen	1.0111977620436e-20	-1.42673587799072
rs41266779	chr6_26021644_C_T_b38	ENSG00000272462	ENSG00000272462.4	Whole_Blood	3.04854983484434e-13	0.495747447013855
rs41266779	chr6_26021644_C_T_b38	BTN3A2	ENSG00000186470.14	Cells_EBV-transformed_lymphocytes	1.90803200481143e-12	-1.00781977176666
rs35789010	chr6_25513951_G_A_b38	BTN3A2	ENSG00000186470.14	Whole_Blood	3.35067335871381e-35	-0.808553516864777
rs35789010	chr6_25513951_G_A_b38	BTN3A2	ENSG00000186470.14	Spleen	1.5050739923134e-14	-1.20069193840027
rs35789010	chr6_25513951_G_A_b38	ENSG00000272462	ENSG00000272462.4	Whole_Blood	7.40977989495217e-12	0.480313569307327
rs35789010	chr6_25513951_G_A_b38	BTN3A2	ENSG00000186470.14	Cells_EBV-transformed_lymphocytes	6.91805024150787e-11	-0.908550441265106
rs4840568	chr8_11493510_G_A_b38	FAM167A	ENSG00000154319.16	Whole_Blood	2.05587924472757e-74	0.737176179885864
rs4840568	chr8_11493510_G_A_b38	FAM167A	ENSG00000154319.16	Spleen	8.53980822351999e-50	1.17229330539703
rs4840568	chr8_11493510_G_A_b38	FAM167A	ENSG00000154319.16	Cells_EBV-transformed_lymphocytes	3.19135992229097e-40	0.910370886325836
rs4840568	chr8_11493510_G_A_b38	BLK	ENSG00000136573.14	Whole_Blood	6.0481823177433e-30	-0.216797426342964
rs4840568	chr8_11493510_G_A_b38	BLK	ENSG00000136573.14	Cells_EBV-transformed_lymphocytes	3.94501867611799e-23	-0.471238225698471
rs6679677	chr1_113761186_C_A_b38	DCLRE1B	ENSG00000118655.7	Cells_EBV-transformed_lymphocytes	3.34529185577367e-07	-0.215261101722717
rs13332649	chr16_85933077_A_G_b38	IRF8	ENSG00000140968.11	Cells_EBV-transformed_lymphocytes	4.77505650124413e-06	-0.224241480231285
rs35251378	chr19_10349293_G_A_b38	TYK2	ENSG00000105397.14	Whole_Blood	2.16633429285077e-19	0.121755719184876
rs353608	chr11_35080191_A_G_b38	ENSG00000289526	ENSG00000289526.1	Spleen	2.44908190702179e-07	-0.355806767940521
rs2647928	chr3_160030028_A_G_b38	IL12A	ENSG00000168811.7	Cells_EBV-transformed_lymphocytes	3.83507758419857e-09	0.268542617559433
rs9630991	chr2_190567413_G_A_b38	HIBCH	ENSG00000198130.16	Whole_Blood	7.9786821165272e-06	0.113832503557205
rs367543	chr8_9176638_C_T_b38	FAM85B	ENSG00000253893.2	Cells_EBV-transformed_lymphocytes	6.95307286902521e-10	-0.464144289493561
rs367543	chr8_9176638_C_T_b38	RPL10P19	ENSG00000233609.3	Whole_Blood	9.90865685863708e-08	0.130001649260521
rs367543	chr8_9176638_C_T_b38	RPL10P19	ENSG00000233609.3	Spleen	1.06936006621076e-07	0.382141590118408
rs2921036	chr8_8506387_T_C_b38	FAM85B	ENSG00000253893.2	Cells_EBV-transformed_lymphocytes	1.29462882805262e-16	-0.558892965316773
rs2921036	chr8_8506387_T_C_b38	RPL10P19	ENSG00000233609.3	Whole_Blood	4.0705540287484e-13	0.162551417946816
rs2921036	chr8_8506387_T_C_b38	RPL10P19	ENSG00000233609.3	Spleen	1.79264766105217e-10	0.427360504865646
rs2921036	chr8_8506387_T_C_b38	ALG1L13P	ENSG00000253981.6	Whole_Blood	1.38171031773455e-09	0.123865179717541
