SNP	CHR	POS	P_meta	Independent_signal	Locus_ID	Known_vs_putative	Replication_status	Gene	BETA_disco	BETA_rep	P_rep
rs10036748	5	151078585	2.96174490520853e-22	yes	18	Known region (PPARGC1B)	Bonferroni replicated	TBD	0.24716751819794	0.24716751819794	0.000763502
rs1078324	5	149822705	2.43337478223255e-15	yes	17	Putative novel (distance check)	Directional support only	TBD	-0.480016108110642	-0.480016108110642	0.155124
rs10912578	1	173282717	1.75373755085608e-13	yes	4	Putative novel (distance check)	Nominal replicated (P < 0.05)	TBD	0.184243221178961	0.184243221178961	0.023616
rs11066188	12	112172910	5.01535492543706e-10	yes	36	Putative novel (distance check)	Directional support only	TBD	0.146647150598001	0.146647150598001	0.181423
rs11066320	12	112468611	7.03425029017213e-10	yes	37	Putative novel (distance check)	Not replicated	TBD	0.145536455856726		
rs11998678	8	11972641	6.35485156007027e-09	yes	29	Putative novel (distance check)	Not replicated	TBD	0.138941408694758		
rs12533633	7	74526237	4.30125664185765e-08	yes	23	Putative novel (distance check)	Not replicated	TBD	0.455326571192328		
rs12928726	16	11097715	3.07722966427189e-09	yes	38	Putative novel (distance check)	Bonferroni replicated	TBD	-0.13817263617087	-0.13817263617087	8.13737e-09
rs13019891	2	113072292	5.63593818733971e-58	yes	8	Putative novel (distance check)	Directional support only	TBD	-0.376010512047201	-0.376010512047201	0.884447
rs13135381	4	101822196	6.90635845367651e-11	yes	16	Putative novel (distance check)	Nominal replicated (P < 0.05)	TBD	-0.159926395659636	-0.159926395659636	0.0101506
rs13332649	16	85933077	9.572717561106e-16	yes	40	Known region (IRF8)	Nominal replicated (P < 0.05)	TBD	-0.229209306859579	-0.229209306859579	0.00448867
rs138214281	17	39829853	2.63328809361475e-08	yes	42	Putative novel (distance check)	Not replicated	TBD	0.436710217948494		
rs1464446	3	146883508	4.36364491053658e-08	yes	14	Putative novel (distance check)	Nominal replicated (P < 0.05)	TBD	-0.173641930476083	-0.173641930476083	0.0231758
rs150727739	7	74190835	1.70369944125061e-08	yes	22	Putative novel (distance check)	Not replicated	TBD	0.492534324349693		
rs17849501	1	183573188	1.45368061174851e-71	yes	6	Putative novel (distance check)	Not replicated	TBD	0.768108252625837		
rs2293765	2	190656119	5.8629839941452e-20	yes	10	Putative novel (distance check)	Not replicated	TBD	0.220971588722945		
rs2431098	5	160460329	6.39228981401916e-19	yes	19	Putative novel (distance check)	Nominal replicated (P < 0.05)	TBD	0.210883466883063	0.210883466883063	0.00359655
rs2573219	2	232423957	3.88011246189924e-29	yes	12	Putative novel (distance check)	Directional support only	TBD	0.410350642304308	0.410350642304308	0.420367
rs2647928	3	160030028	2.11129160873984e-11	yes	15	Putative novel (distance check)	Nominal replicated (P < 0.05)	TBD	-0.16611172251783	-0.16611172251783	0.00433082
rs34208825	8	11157106	2.43847764383226e-11	yes	27	Putative novel (distance check)	Not replicated	TBD	0.155682029237345		
rs34572943	16	31261032	2.68623547210467e-51	yes	39	Putative novel (distance check)	Bonferroni replicated	TBD	0.507262044720673	0.507262044720673	5.83907e-12
rs35000415	7	128945562	9.6761290554738e-57	yes	24	Putative novel (distance check)	Bonferroni replicated	TBD	0.505525533587978	0.505525533587978	2.35953e-08
rs35251378	19	10349293	1.51367004421528e-13	yes	43	Putative novel (distance check)	Nominal replicated (P < 0.05)	TBD	-0.19398234022744	-0.19398234022744	0.039673
rs353608	11	35080191	4.73441705748385e-12	yes	33	Putative novel (distance check)	Nominal replicated (P < 0.05)	TBD	-0.157953215917402	-0.157953215917402	0.0210482
rs367543	8	9176638	2.4311762842012e-09	yes	26	Putative novel (distance check)	Nominal replicated (P < 0.05)	TBD	-0.14528205876126	-0.14528205876126	0.0387595
rs3809823	17	7330980	1.30274635479262e-09	yes	41	Putative novel (distance check)	Directional support only	TBD	0.168847401391264	0.168847401391264	0.0510836
rs389884	6	31973120	4.21736842333862e-147	yes	46	Known region (HLA-DPA1)	Not replicated	TBD	0.873982262822296		
rs41272536	1	183471396	4.55261792331029e-64	yes	5	Putative novel (distance check)	Not replicated	TBD	0.783210562784011		
rs4661543	1	14902605	2.71818080046913e-08	yes	1	Putative novel (distance check)	Directional support only	TBD	-0.207310363280345	-0.207310363280345	0.983605
rs4840568	8	11493510	1.09155428048101e-23	yes	28	Putative novel (distance check)	Bonferroni replicated	TBD	0.253206621495572	0.253206621495572	0.000115194
rs4853458	2	191094763	4.07604197286915e-72	yes	11	Putative novel (distance check)	Bonferroni replicated	TBD	0.470411227499651	0.470411227499651	5.42202e-10
rs512681	2	118692587	1.62864455658548e-08	yes	9	Putative novel (distance check)	Directional support only	TBD	-0.182777910139787	-0.182777910139787	0.753629
rs58688157	11	625085	1.00797273130947e-10	yes	32	Putative novel (distance check)	Directional support only	TBD	-0.178259841118913	-0.178259841118913	0.0518581
rs58721818	6	137922602	6.40913126960698e-22	yes	21	Known region (TNFAIP3)	Nominal replicated (P < 0.05)	TBD	0.619699515821451	0.619699515821451	0.0179879
rs597808	12	111535554	9.89152490264121e-13	yes	35	Putative novel (distance check)	Directional support only	TBD	-0.168239025897998	-0.168239025897998	0.203563
rs5994638	22	21598987	7.63098342695793e-14	yes	45	Putative novel (distance check)	Directional support only	TBD	0.195773003908268	0.195773003908268	0.196472
rs6671847	1	161509020	7.60917787548015e-13	yes	3	Known region (PTPN22)	Bonferroni replicated	TBD	0.166756300266454	0.166756300266454	6.27134e-05
rs6679677	1	113761186	2.94692430581243e-20	yes	2	Putative novel (distance check)	Nominal replicated (P < 0.05)	TBD	0.32167040777601	0.32167040777601	0.0015322
rs693109	8	8782662	4.66088765198298e-09	yes	25	Putative novel (distance check)	Not replicated	TBD	0.13376061416755		
rs7097397	10	48817351	1.23957345164614e-11	yes	31	Putative novel (distance check)	Directional support only	TBD	-0.159227716151522	-0.159227716151522	0.174232
rs73050535	12	4903337	4.81781912589171e-10	yes	34	Putative novel (distance check)	Directional support only	TBD	-0.702936964348874	-0.702936964348874	0.511699
rs73068668	19	55251894	9.66246640347931e-10	yes	44	Putative novel (distance check)	Not replicated	TBD	-0.280699584631791		
rs7581149	2	65332507	8.01849965136462e-09	yes	7	Putative novel (distance check)	Nominal replicated (P < 0.05)	TBD	0.13385935416655	0.13385935416655	0.0436355
rs7768653	6	106126919	1.57317310208569e-13	yes	20	Putative novel (distance check)	Directional support only	TBD	0.175040728072013	0.175040728072013	0.13855
rs7823055	8	54599116	2.74912878015984e-24	yes	30	Putative novel (distance check)	Directional support only	TBD	0.236134817050678	0.236134817050678	0.319379
rs9852014	3	129365738	4.07253232145667e-24	yes	13	Putative novel (distance check)	Directional support only	TBD	0.413060258940559	0.413060258940559	0.83963
