phen1,phen2,rho,rho.lower,rho.upper,r2,r2.lower,r2.upper,p,LOC
SSc,Sjogren,0.31513,-0.27883,1,0.0993072,0,1,0.276292,16
SLE_Discovery,RA,0.905324,0.755,1,0.819611,0.57002,1,4.2067e-21,100
SLE_Discovery,RA,-0.082654,-0.44099,0.25869,0.00683168,0,0.1998,0.626171,118
SLE_Discovery,RA,0.695983,0.46008,0.98213,0.484393,0.21167,0.96457,2.44702e-07,130
SLE_Discovery,SSc,0.573164,0.30535,0.9068,0.328517,0.09324,0.82229,8.11126e-05,130
RA,SSc,0.220139,-0.14085,0.62917,0.0484613,0,0.39659,0.234648,130
SLE_Discovery,RA,-0.22398,-0.65431,0.15677,0.0501669,0,0.42813,0.231803,271
SLE_Discovery,Sjogren,0.0206926,-0.74271,0.84176,0.000428182,0,1,0.947184,271
RA,Sjogren,0.717181,0.24576,1,0.514348,0.0606,1,0.00431728,271
SLE_Discovery,RA,0.303046,-0.19606,1,0.0918368,0,1,0.210276,306
SLE_Discovery,Sjogren,-0.389803,-1,0.10055,0.151946,0,1,0.106493,311
SLE_Discovery,RA,0.734271,0.5787,0.9089,0.539154,0.33489,0.8261,1.92424e-15,374
SLE_Discovery,SSc,0.727172,0.45028,1,0.528779,0.20275,1,1.01115e-06,374
SLE_Discovery,Sjogren,0.58434,0.42829,0.75504,0.341453,0.18343,0.57009,7.03947e-11,374
RA,SSc,1,0.64243,1,1,0.41271,1,1.2128e-07,374
RA,Sjogren,0.79615,0.57679,1,0.633855,0.33269,1,2.84053e-10,374
SSc,Sjogren,1,0.64699,1,1,0.4186,1,1.18611e-08,374
SLE_Discovery,Sjogren,-0.0143026,-0.47105,0.46444,0.000204564,0,0.29211,0.947374,408
SLE_Discovery,RA,0.176899,-0.47945,0.98079,0.0312934,0,1,0.546646,691
SLE_Discovery,RA,-0.02342,-0.44067,0.39591,0.000548495,0,0.2422,0.904878,898
SLE_Discovery,SSc,0.106397,-0.38775,0.67222,0.0113204,0,0.47588,0.646493,898
SLE_Discovery,Sjogren,-0.102989,-0.65072,0.38232,0.0106067,0,0.45199,0.65122,898
RA,SSc,0.591217,0.08197,1,0.349538,0.01023,1,0.0261519,898
RA,Sjogren,0.42831,-0.10047,1,0.18345,0,1,0.0996968,898
SSc,Sjogren,0.0553895,-0.68214,0.85439,0.00306799,0,0.99962,0.855805,898
SLE_Discovery,RA,0.525385,0.1819,0.98512,0.276029,0.03314,0.97046,0.00336849,909
SLE_Discovery,Sjogren,0.84885,0.42301,1,0.720546,0.17894,1,0.000282692,909
RA,Sjogren,0.826462,0.25252,1,0.68304,0.06449,1,0.0066214,909
SLE_Discovery,RA,0.0756448,0.02574,0.12592,0.00572214,0.00066,0.01586,0.00341155,961
SLE_Discovery,SSc,0.230413,0.11279,0.34612,0.0530899,0.01272,0.1198,8.83493e-05,961
SLE_Discovery,Sjogren,0.903586,0.86387,0.94114,0.816467,0.74628,0.88575,1.44207e-146,961
RA,SSc,0.359376,0.25842,0.46051,0.129151,0.06678,0.21207,1.13656e-11,961
RA,Sjogren,0.028061,-0.03426,0.08848,0.000787417,0,0.00785,0.364317,961
SSc,Sjogren,0.196146,0.07552,0.31822,0.0384733,0.0057,0.10126,0.00186577,961
SLE_Discovery,RA,0.41656,0.14751,0.71472,0.173522,0.02176,0.51082,0.0029647,1037
SLE_Discovery,SSc,0.648913,0.32375,1,0.421088,0.10482,1,0.000186261,1037
SLE_Discovery,Sjogren,0.446603,0.07633,1,0.199454,0.00786,1,0.024547,1037
RA,SSc,0.483081,0.08992,1,0.233367,0.00971,1,0.0192769,1037
RA,Sjogren,0.482126,0.01841,1,0.232445,0.00338,1,0.0417571,1037
SSc,Sjogren,0.541042,-0.02166,1,0.292726,0,1,0.0577795,1037
SLE_Discovery,RA,0.438982,0.22707,0.65313,0.192705,0.05156,0.42657,8.68776e-05,1063
SLE_Discovery,SSc,0.201583,-0.17381,0.66565,0.0406356,0,0.4477,0.27479,1063
SLE_Discovery,Sjogren,1,0.64581,1,1,0.41707,1,1.88646e-09,1063
RA,SSc,0.547877,0.20014,1,0.300169,0.04005,1,0.00320675,1063
RA,Sjogren,1,0.64755,1,1,0.41932,1,1.20209e-08,1063
SSc,Sjogren,0.950635,0.38661,1,0.903707,0.14947,1,0.0019378,1063
SLE_Discovery,RA,0.646526,0.43266,0.87477,0.417996,0.1872,0.76522,6.71984e-08,1166
SLE_Discovery,SSc,0.812155,0.53428,1,0.659595,0.28545,1,3.81499e-07,1166
SLE_Discovery,Sjogren,0.795454,0.57811,1,0.632748,0.33421,1,6.73284e-10,1166
RA,SSc,0.55989,0.25864,0.93096,0.313477,0.0669,0.86669,0.000555913,1166
RA,Sjogren,0.719812,0.49159,0.97978,0.518129,0.24166,0.95997,4.53154e-08,1166
SSc,Sjogren,1,0.70748,1,1,0.50053,1,2.00123e-09,1166
SLE_Discovery,RA,0.780049,0.47392,1,0.608476,0.2246,1,4.53162e-06,1208
SLE_Discovery,Sjogren,0.966237,0.59909,1,0.933614,0.35891,1,1.29543e-06,1208
RA,Sjogren,1,0.53241,1,1,0.28347,1,6.62783e-05,1208
SLE_Discovery,RA,1,0.65385,1,1,0.42752,1,2.7969e-08,1250
SLE_Discovery,SSc,0.549036,0.17968,1,0.301441,0.0326,1,0.00487794,1250
RA,SSc,0.347786,-0.23893,1,0.120955,0,1,0.225663,1250
SLE_Discovery,SSc,0.574632,-0.02141,1,0.330202,0,1,0.0712128,1251
SLE_Discovery,Sjogren,1,0.44232,1,1,0.19565,1,0.000165813,1251
SSc,Sjogren,0.526393,-0.14184,1,0.27709,0,1,0.103495,1251
SLE_Discovery,RA,0.390136,0.02579,0.83108,0.152206,0.00305,0.6907,0.0340049,1610
SLE_Discovery,SSc,0.982231,0.51349,1,0.964778,0.26367,1,8.45366e-05,1610
SLE_Discovery,Sjogren,1,0.57008,1,1,0.32499,1,6.26635e-06,1610
RA,SSc,0.252934,-0.42115,1,0.0639758,0,1,0.42335,1610
RA,Sjogren,0.671204,0.10803,1,0.450514,0.01514,1,0.0217039,1610
SSc,Sjogren,0.829055,0.06075,1,0.687332,0.01361,1,0.0330797,1610
SLE_Discovery,SSc,0.886702,0.52977,1,0.78624,0.28066,1,2.38095e-05,1647
SLE_Discovery,Sjogren,0.317039,-0.14673,0.96042,0.100514,0,0.92473,0.173131,1647
SSc,Sjogren,0.547296,-0.04449,1,0.299533,0,1,0.0682178,1647
SLE_Discovery,SSc,0.513115,0.15791,1,0.263287,0.02493,1,0.00589722,1744
SLE_Discovery,Sjogren,0.468864,0.16946,0.81999,0.219833,0.02872,0.67239,0.00260857,1744
SSc,Sjogren,0.476712,0.02518,1,0.227255,0.00433,1,0.0418975,1744
SLE_Discovery,RA,0.67263,0.3265,1,0.452431,0.1066,1,0.000559555,1841
SLE_Discovery,SSc,0.33432,-0.14748,0.96121,0.11177,0,0.92392,0.15765,1841
SLE_Discovery,Sjogren,0.320645,-0.34387,1,0.102813,0,1,0.303019,1841
RA,SSc,0.724494,0.34104,1,0.524892,0.11631,1,0.000457416,1841
RA,Sjogren,0.123259,-0.48225,0.8639,0.0151928,0,0.88409,0.648531,1841
SSc,Sjogren,0.583434,-0.05197,1,0.340395,0,1,0.0759886,1841
SLE_Discovery,RA,0.809713,0.24391,1,0.655636,0.05949,1,0.0053768,2115
SLE_Discovery,Sjogren,1,0.41046,1,1,0.16847,1,0.00136814,2115
RA,Sjogren,1,0.6209,1,1,0.38552,1,5.26651e-08,2115
SLE_Discovery,Sjogren,0.521376,0.24221,0.93499,0.271833,0.05866,0.87421,0.000575126,2128
SLE_Discovery,RA,0.666046,0.40446,1,0.443617,0.16359,1,2.27706e-06,2167
SLE_Discovery,SSc,0.422124,0.17372,0.71107,0.178189,0.03018,0.50562,0.00124582,2167
SLE_Discovery,Sjogren,0.594755,0.3528,0.89737,0.353733,0.12447,0.80527,6.79948e-06,2167
RA,SSc,0.873897,0.52486,1,0.763695,0.27548,1,6.05262e-06,2167
RA,Sjogren,,,,,,,,2167
SSc,Sjogren,0.969048,0.63532,1,0.939055,0.40363,1,1.1209e-07,2167
SLE_Discovery,RA,0.515031,0.29782,0.74609,0.265257,0.0887,0.55664,5.98116e-06,2318
SLE_Discovery,Sjogren,0.48677,0.12767,1,0.236945,0.01639,1,0.0107726,2318
RA,Sjogren,0.75949,0.45616,1,0.576825,0.20808,1,3.47226e-06,2318
SLE_Discovery,RA,0.302539,-0.08863,0.75094,0.0915297,0,0.56391,0.119749,2364
SLE_Discovery,SSc,-0.427324,-1,-0.00816,0.182606,0.00261,1,0.0525795,2364
RA,SSc,0.41182,-0.13707,1,0.169596,0,1,0.136965,2364
SLE_Discovery,RA,0.601466,0.2008,1,0.361762,0.04044,1,0.00593921,2466
SLE_Discovery,Sjogren,0.53667,0.15679,1,0.288015,0.0248,1,0.00721859,2466
RA,Sjogren,0.532946,-0.02017,1,0.284031,0,1,0.0678625,2466
