LOC	Region	Gene	RSID	Secondary_Trait	Genetic_Correlation_Rho	Rho_95CI_Lower	Rho_95CI_Upper	P_value	P_value_float	FDR
100	1p/q	RSBN1	rs6679677	RA	-0.906	-1.0	-0.761	3.2600000000000002e-21	3.2600000000000002e-21	1.793e-19
118	1p/q	FCGR2A	rs6671847	RA	0.082	-0.26	0.441	0.626	0.626	0.6886000000000001
130	1p/q	TNFSF4	rs10912578	RA	-0.684	-0.965	-0.441	4.47e-07	4.47e-07	2.7316666666666666e-06
130	1p/q	TNFSF4	rs10912578	SSc	-0.563	-0.892	-0.299	8.32e-05	8.32e-05	0.00024692105263157893
271	2p/q	SPRED2	rs7581149	RA	0.222	-0.152	0.658	0.235	0.235	0.2809782608695652
271	2p/q	SPRED2	rs7581149	Sjogren	-0.019	-0.849	0.775	0.953	0.953	0.953
306	2p/q	IL1F10	rs13019891	RA	-0.289	-0.969	0.205	0.231	0.231	0.2809782608695652
311	2p/q	EN1	rs512681	Sjogren	0.383	-0.104	1.0	0.114	0.114	0.1529268292682927
374	2p/q	STAT4	rs4853458	RA	-0.732	-0.904	-0.576	1.82e-15	1.82e-15	5.005e-14
374	2p/q	STAT4	rs4853458	SSc	-0.702	-1.0	-0.433	1.73e-06	1.73e-06	8.65e-06
374	2p/q	STAT4	rs4853458	Sjogren	-0.583	-0.759	-0.426	7.5e-11	7.5e-11	1.375e-09
408	2p/q	ALPG	rs2573219	Sjogren	0.017	-0.452	0.488	0.937	0.937	0.953
691	4p/q	BANK1	rs13135381	RA	-0.176	-0.985	0.469	0.545	0.545	0.611734693877551
898	5p/q	PPARGC1B	rs1078324	RA	0.034	-0.401	0.467	0.865	0.865	0.8976415094339623
898	5p/q	PPARGC1B	rs1078324	SSc	-0.104	-0.64	0.402	0.654	0.654	0.6917307692307693
898	5p/q	PPARGC1B	rs1078324	Sjogren	0.105	-0.395	0.668	0.651	0.651	0.6917307692307693
909	5p/q	PTTG1	rs2431098	RA	-0.537	-1.0	-0.185	0.00378	0.00378	0.0069299999999999995
909	5p/q	PTTG1	rs2431098	Sjogren	-0.852	-1.0	-0.426	0.000256	0.000256	0.0006121739130434782
1037	6p/q	ATG5	rs7768653	RA	-0.424	-0.729	-0.16	0.00252	0.00252	0.0049499999999999995
1037	6p/q	ATG5	rs7768653	SSc	-0.647	-1.0	-0.328	0.000153	0.000153	0.00038250000000000003
1037	6p/q	ATG5	rs7768653	Sjogren	-0.442	-1.0	-0.067	0.0257	0.0257	0.0382027027027027
1063	6p/q	TNFAIP3	rs58721818	RA	-0.437	-0.661	-0.23	0.000103	0.000103	0.00028325
1063	6p/q	TNFAIP3	rs58721818	SSc	-0.199	-0.646	0.172	0.278	0.278	0.32531914893617025
1063	6p/q	TNFAIP3	rs58721818	Sjogren	-1.0	-1.0	-0.639	1.71e-09	1.71e-09	1.881e-08
1166			rs12533633	RA	-0.647	-0.884	-0.44	6.78e-08	6.78e-08	5.327142857142857e-07
1166			rs12533633	SSc	-0.815	-1.0	-0.532	4.36e-07	4.36e-07	2.7316666666666666e-06
1166			rs12533633	Sjogren	-0.802	-1.0	-0.591	3.61e-10	3.61e-10	4.9637499999999995e-09
1208	7p/q	IRF5	rs35000415	RA	-0.797	-1.0	-0.496	3.02e-06	3.02e-06	1.2776923076923076e-05
1208	7p/q	IRF5	rs35000415	Sjogren	-0.969	-1.0	-0.611	1.33e-06	1.33e-06	7.315e-06
1250			rs34208825	RA	-1.0	-1.0	-0.638	3.07e-08	3.07e-08	2.814166666666666e-07
1250			rs34208825	SSc	-0.564	-1.0	-0.195	0.00428	0.00428	0.007593548387096774
1251	8p/q	BLK	rs4840568	SSc	-0.572	-1.0	0.047	0.0709	0.0709	0.0974875
1251	8p/q	BLK	rs4840568	Sjogren	-1.0	-1.0	-0.45	0.000132	0.000132	0.00034571428571428573
1610	11p/q	CDHR5	rs58688157	RA	-0.396	-0.832	-0.048	0.0281	0.0281	0.04067105263157895
1610	11p/q	CDHR5	rs58688157	SSc	-0.997	-1.0	-0.519	8.53e-05	8.53e-05	0.00024692105263157893
1610	11p/q	CDHR5	rs58688157	Sjogren	-1.0	-1.0	-0.591	6.16e-06	6.16e-06	2.258666666666667e-05
1647	11p/q	CD44	rs353608	SSc	-0.88	-1.0	-0.516	2.41e-05	2.41e-05	7.797058823529412e-05
1647	11p/q	CD44	rs353608	Sjogren	-0.312	-1.0	0.156	0.182	0.182	0.22749999999999998
1744	12p/q	KCNA1	rs73050535	SSc	-0.514	-1.0	-0.159	0.00564	0.00564	0.009666666666666667
1744	12p/q	KCNA1	rs73050535	Sjogren	-0.466	-0.819	-0.173	0.003	0.003	0.005689655172413793
1841	12p/q	HECTD4	rs11066188	RA	-0.684	-1.0	-0.322	0.000465	0.000465	0.001065625
1841	12p/q	HECTD4	rs11066188	SSc	-0.342	-0.948	0.14	0.15	0.15	0.19186046511627908
1841	12p/q	HECTD4	rs11066188	Sjogren	-0.326	-1.0	0.356	0.298	0.298	0.3414583333333333
2115	16p/q	CLEC16A	rs12928726	RA	-0.796	-1.0	-0.253	0.0058	0.0058	0.009666666666666667
2115	16p/q	CLEC16A	rs12928726	Sjogren	-1.0	-1.0	-0.402	0.00159	0.00159	0.0032388888888888892
2128	16p/q	ITGAM	rs34572943	Sjogren	-0.52	-0.945	-0.235	0.000614	0.000614	0.0013508
2167	16p/q	IRF8	rs13332649	RA	-0.671	-1.0	-0.407	2.64e-06	2.64e-06	1.21e-05
2167	16p/q	IRF8	rs13332649	SSc	-0.422	-0.711	-0.177	0.00119	0.00119	0.0025173076923076924
2167	16p/q	IRF8	rs13332649	Sjogren	-0.594	-0.891	-0.351	6.6e-06	6.6e-06	2.2687500000000003e-05
2318	19p/q	TYK2	rs35251378	RA	-0.517	-0.749	-0.306	5.79e-06	5.79e-06	2.258666666666667e-05
2318	19p/q	TYK2	rs35251378	Sjogren	-0.487	-1.0	-0.128	0.0108	0.0108	0.0165
2364			rs73068668	RA	-0.304	-0.756	0.076	0.119	0.119	0.15583333333333332
2364			rs73068668	SSc	0.422	-0.01	1.0	0.0615	0.0615	0.08673076923076924
2466	22p/q	UBE2L3	rs5994638	RA	-0.596	-1.0	-0.194	0.00633	0.00633	0.009947142857142856
2466	22p/q	UBE2L3	rs5994638	Sjogren	-0.545	-1.0	-0.178	0.00631	0.00631	0.009947142857142856
