phen1,phen2,rho,rho.lower,rho.upper,r2,r2.lower,r2.upper,p,LOC
SLE_Discovery,SLE_Replication,-0.284736,-0.98111,0.25562,0.0810747,0,0.96978,0.273005,7
SLE_Discovery,SLE_Replication,0.259767,-0.09022,0.65623,0.0674789,0,0.43064,0.144897,9
SLE_Discovery,SLE_Replication,0.913215,0.37391,1,0.833961,0.13981,1,0.00240122,10
SLE_Discovery,SLE_Replication,0.29611,-0.5159,1,0.0876812,0,1,0.405027,11
SLE_Discovery,SLE_Replication,0.401739,0.03861,0.82736,0.161394,0.00341,0.68452,0.0351193,14
SLE_Discovery,SLE_Replication,0.298441,-0.15234,0.83335,0.0890673,0,0.69457,0.172364,15
SLE_Discovery,SLE_Replication,-0.48536,-1,0.05067,0.235574,0,1,0.0711066,16
SLE_Discovery,SLE_Replication,-0.0228805,-0.57393,0.50234,0.000523518,0,0.41726,0.924876,19
SLE_Discovery,SLE_Replication,0.597308,-0.09393,1,0.356777,0,1,0.0931083,23
SLE_Discovery,SLE_Replication,-0.303982,-1,0.58383,0.0924048,0,1,0.432354,25
SLE_Discovery,SLE_Replication,0.309963,0.01419,0.63538,0.0960772,0.00154,0.40371,0.0424688,26
SLE_Discovery,SLE_Replication,-0.365092,-1,0.51348,0.133292,0,1,0.350486,33
SLE_Discovery,SLE_Replication,-0.205069,-0.88343,0.35123,0.0420534,0,0.79776,0.428123,36
SLE_Discovery,SLE_Replication,0.358604,-0.15411,1,0.128597,0,1,0.157093,38
SLE_Discovery,SLE_Replication,0.390299,-0.34397,1,0.152333,0,1,0.248462,39
SLE_Discovery,SLE_Replication,-0.123844,-0.64276,0.37141,0.0153375,0,0.4308,0.586695,46
SLE_Discovery,SLE_Replication,0.813871,0.30282,1,0.662387,0.09186,1,0.00378404,47
SLE_Discovery,SLE_Replication,0.00883326,-0.66104,0.69135,7.80265e-05,0,0.6727,0.974925,48
SLE_Discovery,SLE_Replication,0.597772,-0.11085,1,0.357331,0,1,0.0968251,49
SLE_Discovery,SLE_Replication,0.0819699,-0.3841,0.56331,0.00671906,0,0.34111,0.705646,52
SLE_Discovery,SLE_Replication,-0.257643,-1,0.36721,0.0663797,0,1,0.373319,53
SLE_Discovery,SLE_Replication,0.664475,0.05375,1,0.441527,0.00933,1,0.0390134,54
SLE_Discovery,SLE_Replication,0.235206,-0.41709,1,0.0553218,0,1,0.423765,58
SLE_Discovery,SLE_Replication,0.323726,-0.15092,0.93256,0.104798,0,0.87649,0.16774,60
SLE_Discovery,SLE_Replication,0.522543,-0.14704,1,0.273051,0,1,0.113046,63
SLE_Discovery,SLE_Replication,-0.0037725,-1,1,1.42318e-05,0,1,0.991976,72
SLE_Discovery,SLE_Replication,1,0.44125,1,1,0.1947,1,0.0013295,73
SLE_Discovery,SLE_Replication,-0.63921,-1,-0.02226,0.408589,0.00868,1,0.0399497,76
SLE_Discovery,SLE_Replication,0.421493,-0.69906,1,0.177656,0,1,0.380227,81
SLE_Discovery,SLE_Replication,-0.674805,-1,-0.10604,0.455362,0.0145,1,0.0252777,83
SLE_Discovery,SLE_Replication,0.630816,-0.17174,1,0.397929,0,1,0.122043,90
SLE_Discovery,SLE_Replication,-0.238093,-0.87487,0.28817,0.0566884,0,0.79332,0.338038,95
SLE_Discovery,SLE_Replication,0.441649,-0.1524,1,0.195054,0,1,0.135877,97
SLE_Discovery,SLE_Replication,0.479274,0.03222,1,0.229704,0.0043,1,0.0386846,98
SLE_Discovery,SLE_Replication,0.0450154,-0.4735,0.57862,0.00202638,0,0.39896,0.849231,101
SLE_Discovery,SLE_Replication,-0.115847,-1,0.88331,0.0134206,0,1,0.763256,105
SLE_Discovery,SLE_Replication,0.683035,0.00858,1,0.466536,0.00875,1,0.0497268,107
SLE_Discovery,SLE_Replication,0.455928,-0.32166,1,0.20787,0,1,0.222723,113
SLE_Discovery,SLE_Replication,-0.00297374,-0.41475,0.39922,8.84314e-06,0,0.2255,0.987776,114
SLE_Discovery,SLE_Replication,0.982585,0.59675,1,0.965473,0.35611,1,2.0691e-05,118
SLE_Discovery,SLE_Replication,-0.129091,-0.54024,0.25732,0.0166645,0,0.29276,0.492295,119
SLE_Discovery,SLE_Replication,-0.431365,-1,0.02265,0.186076,0,1,0.0627002,121
SLE_Discovery,SLE_Replication,0.582478,-0.0685,1,0.33928,0,1,0.0766939,122
SLE_Discovery,SLE_Replication,0.0961885,-0.48064,0.70573,0.00925223,0,0.55684,0.708798,126
SLE_Discovery,SLE_Replication,0.679894,0.34141,1,0.462256,0.11656,1,0.000283531,130
SLE_Discovery,SLE_Replication,0.0853482,-0.28758,0.46233,0.00728432,0,0.21736,0.639275,133
SLE_Discovery,SLE_Replication,-0.125117,-0.9696,0.64352,0.0156542,0,1,0.688831,137
SLE_Discovery,SLE_Replication,0.726857,0.55746,0.90337,0.528322,0.31076,0.81607,7.74138e-12,138
SLE_Discovery,SLE_Replication,0.305535,-0.61419,1,0.0933519,0,1,0.440242,139
SLE_Discovery,SLE_Replication,0.0883023,-0.7076,1,0.0077973,0,1,0.787287,140
SLE_Discovery,SLE_Replication,-0.0147366,-0.77784,0.72643,0.000217168,0,0.87908,0.961725,142
SLE_Discovery,SLE_Replication,0.572926,0.11256,1,0.328244,0.01525,1,0.0204377,152
SLE_Discovery,SLE_Replication,0.687585,0.17217,1,0.472773,0.03312,1,0.0141204,154
SLE_Discovery,SLE_Replication,0.294157,-0.34644,1,0.0865284,0,1,0.321307,155
SLE_Discovery,SLE_Replication,-0.253983,-0.59456,0.06386,0.0645075,0,0.3535,0.111627,156
SLE_Discovery,SLE_Replication,0.931302,0.61853,1,0.867323,0.38257,1,4.07583e-07,159
SLE_Discovery,SLE_Replication,0.212671,-0.17413,0.65178,0.0452291,0,0.42566,0.271748,160
SLE_Discovery,SLE_Replication,0.405252,-0.32412,1,0.164229,0,1,0.237102,162
SLE_Discovery,SLE_Replication,0.0671723,-0.46793,0.6213,0.00451212,0,0.45479,0.783567,163
SLE_Discovery,SLE_Replication,-0.775094,-1,-0.06443,0.600771,0.01266,1,0.0365065,164
SLE_Discovery,SLE_Replication,0.379357,-0.18366,1,0.143912,0,1,0.168494,176
SLE_Discovery,SLE_Replication,0.369571,-0.39993,1,0.136583,0,1,0.303416,177
SLE_Discovery,SLE_Replication,0.0681812,-0.322,0.49174,0.00464868,0,0.25568,0.718831,179
SLE_Discovery,SLE_Replication,0.610329,0.19144,1,0.372501,0.03684,1,0.00564176,184
SLE_Discovery,SLE_Replication,0.265239,-0.36627,1,0.0703515,0,1,0.362978,186
SLE_Discovery,SLE_Replication,0.530534,-0.20633,1,0.281466,0,1,0.142291,189
SLE_Discovery,SLE_Replication,0.114816,-0.53847,0.87128,0.0131828,0,0.84245,0.68641,190
SLE_Discovery,SLE_Replication,0.0834325,-0.49986,0.7213,0.00696099,0,0.59635,0.74854,192
SLE_Discovery,SLE_Replication,-0.226177,-0.64011,0.13524,0.051156,0,0.41048,0.205429,196
SLE_Discovery,SLE_Replication,0.254232,-0.50074,1,0.0646337,0,1,0.44658,197
SLE_Discovery,SLE_Replication,0.38404,-0.2928,1,0.147487,0,1,0.231482,206
SLE_Discovery,SLE_Replication,-0.091182,-1,0.94049,0.00831416,0,1,0.813949,211
SLE_Discovery,SLE_Replication,-0.307977,-0.98105,0.22427,0.0948501,0,0.96511,0.226265,212
SLE_Discovery,SLE_Replication,0.768397,0.1239,1,0.590435,0.0219,1,0.0267092,218
SLE_Discovery,SLE_Replication,0.210049,-0.31595,0.8444,0.0441204,0,0.72212,0.393802,221
SLE_Discovery,SLE_Replication,0.309182,-0.29736,1,0.0955937,0,1,0.28916,223
SLE_Discovery,SLE_Replication,0.361688,-0.06168,0.88166,0.130818,0,0.77733,0.0916583,224
SLE_Discovery,SLE_Replication,0.469437,-0.0251,1,0.220371,0,1,0.0601116,232
SLE_Discovery,SLE_Replication,0.682791,-0.17711,1,0.466204,0,1,0.112602,240
SLE_Discovery,SLE_Replication,-0.315078,-0.96336,0.18396,0.0992744,0,0.9313,0.195014,251
SLE_Discovery,SLE_Replication,-0.627432,-1,-0.12976,0.393671,0.0179,1,0.015521,252
SLE_Discovery,SLE_Replication,0.655675,0.02753,1,0.42991,0.00599,1,0.0439405,268
SLE_Discovery,SLE_Replication,-0.0229045,-0.51036,0.48662,0.000524616,0,0.36222,0.919256,271
SLE_Discovery,SLE_Replication,-0.0136037,-0.95028,0.84562,0.00018506,0,1,0.967257,272
SLE_Discovery,SLE_Replication,-0.138668,-1,0.6527,0.0192289,0,1,0.672112,277
SLE_Discovery,SLE_Replication,-0.395399,-1,0.28696,0.15634,0,1,0.223637,286
SLE_Discovery,SLE_Replication,-0.257657,-1,0.41984,0.0663869,0,1,0.40078,290
SLE_Discovery,SLE_Replication,0.0172837,-0.68706,0.70753,0.000298725,0,0.73637,0.951839,297
SLE_Discovery,SLE_Replication,0.722477,-0.11175,1,0.521974,0,1,0.0821531,298
SLE_Discovery,SLE_Replication,0.110192,-0.49286,0.82695,0.0121423,0,0.79436,0.677999,301
SLE_Discovery,SLE_Replication,0.731024,0.15161,1,0.534396,0.02588,1,0.0198763,305
SLE_Discovery,SLE_Replication,-0.184709,-0.73786,0.31711,0.0341174,0,0.55246,0.436985,306
SLE_Discovery,SLE_Replication,0.10395,-1,1,0.0108057,0,1,0.817516,308
SLE_Discovery,SLE_Replication,-0.512286,-1,0.0623,0.262437,0,1,0.0787486,312
SLE_Discovery,SLE_Replication,0.102618,-0.54786,0.85065,0.0105304,0,0.84522,0.720651,320
SLE_Discovery,SLE_Replication,0.182696,-0.75624,1,0.0333778,0,1,0.626499,322
SLE_Discovery,SLE_Replication,0.737649,0.16973,1,0.544126,0.03188,1,0.0143309,326
SLE_Discovery,SLE_Replication,0.167541,-0.54813,1,0.0280699,0,1,0.58809,327
SLE_Discovery,SLE_Replication,0.31791,-0.64436,1,0.101066,0,1,0.439675,333
SLE_Discovery,SLE_Replication,0.182034,-1,1,0.0331363,0,1,0.694212,335
SLE_Discovery,SLE_Replication,0.0219528,-0.98984,1,0.000481924,0,1,0.952356,342
SLE_Discovery,SLE_Replication,-0.624336,-1,0.27707,0.389795,0,1,0.147614,353
SLE_Discovery,SLE_Replication,-0.154985,-0.68529,0.33419,0.0240205,0,0.4805,0.490693,355
SLE_Discovery,SLE_Replication,-0.44569,-1,0.31607,0.198639,0,1,0.214313,356
SLE_Discovery,SLE_Replication,0.0325781,-0.55375,0.63235,0.00106133,0,0.51921,0.89726,359
SLE_Discovery,SLE_Replication,0.327085,-0.50654,1,0.106985,0,1,0.382813,365
SLE_Discovery,SLE_Replication,0.0124872,-1,1,0.000155929,0,1,0.979325,368
SLE_Discovery,SLE_Replication,0.76937,0.59074,0.98238,0.59193,0.34897,0.96508,1.39527e-12,374
SLE_Discovery,SLE_Replication,0.502488,0.03879,1,0.252494,0.00478,1,0.0388624,377
SLE_Discovery,SLE_Replication,0.604841,-0.20416,1,0.365833,0,1,0.118236,380
SLE_Discovery,SLE_Replication,-0.0288572,-0.94904,0.82683,0.000832736,0,1,0.933712,382
SLE_Discovery,SLE_Replication,0.385575,-0.32873,1,0.148668,0,1,0.251171,383
SLE_Discovery,SLE_Replication,-0.306476,-1,0.50643,0.0939273,0,1,0.385991,385
SLE_Discovery,SLE_Replication,0.43523,-0.15552,1,0.189425,0,1,0.136468,395
SLE_Discovery,SLE_Replication,0.317977,-0.81515,1,0.101109,0,1,0.479637,396
SLE_Discovery,SLE_Replication,-0.0628098,-1,0.8024,0.00394507,0,1,0.853058,398
SLE_Discovery,SLE_Replication,-0.207372,-1,0.61559,0.0430032,0,1,0.558905,402
SLE_Discovery,SLE_Replication,-0.318354,-0.83379,0.11889,0.101349,0,0.69521,0.143323,404
SLE_Discovery,SLE_Replication,-0.441121,-1,0.3199,0.194588,0,1,0.214652,405
SLE_Discovery,SLE_Replication,0.00611136,-0.40565,0.41496,3.73488e-05,0,0.23323,0.974602,406
SLE_Discovery,SLE_Replication,0.241053,-0.37154,1,0.0581067,0,1,0.392426,407
SLE_Discovery,SLE_Replication,-0.394092,-1,0.36485,0.155309,0,1,0.264273,408
SLE_Discovery,SLE_Replication,-0.0921885,-1,1,0.00849872,0,1,0.818771,411
SLE_Discovery,SLE_Replication,0.230248,-0.33018,0.95655,0.053014,0,0.92597,0.389128,412
SLE_Discovery,SLE_Replication,0.176868,-0.52948,1,0.0312825,0,1,0.565354,415
SLE_Discovery,SLE_Replication,-0.0889331,-0.62046,0.42026,0.00790909,0,0.41506,0.706697,417
SLE_Discovery,SLE_Replication,0.165692,-0.31051,0.69577,0.0274538,0,0.49192,0.455093,424
SLE_Discovery,SLE_Replication,-0.25772,-0.67039,0.11452,0.0664198,0,0.44942,0.167527,425
SLE_Discovery,SLE_Replication,-0.036105,-0.64447,0.54921,0.00130357,0,0.51879,0.890092,428
SLE_Discovery,SLE_Replication,-0.49976,-1,0.14382,0.24976,0,1,0.118787,431
SLE_Discovery,SLE_Replication,-0.05674,-0.83913,0.65137,0.00321943,0,0.90721,0.844597,432
SLE_Discovery,SLE_Replication,0.335136,-0.04643,0.82864,0.112316,0,0.68665,0.0809126,435
SLE_Discovery,SLE_Replication,0.0517194,-0.46004,0.56614,0.0026749,0,0.37841,0.81921,438
SLE_Discovery,SLE_Replication,0.463991,-0.16884,1,0.215288,0,1,0.140435,445
SLE_Discovery,SLE_Replication,-0.429578,-1,0.41261,0.184537,0,1,0.263349,447
SLE_Discovery,SLE_Replication,0.513406,-0.27799,1,0.263586,0,1,0.171184,448
SLE_Discovery,SLE_Replication,0.269347,-0.15057,0.76606,0.0725479,0,0.58968,0.196972,449
SLE_Discovery,SLE_Replication,0.524707,-0.38065,1,0.275317,0,1,0.223959,451
SLE_Discovery,SLE_Replication,0.0104279,-0.86876,0.90364,0.00010874,0,1,0.975197,452
SLE_Discovery,SLE_Replication,-0.173343,-1,0.53471,0.030048,0,1,0.575436,459
SLE_Discovery,SLE_Replication,0.216403,-0.28639,0.78491,0.0468301,0,0.62337,0.359208,463
SLE_Discovery,SLE_Replication,0.0230526,-0.65893,0.727,0.000531422,0,0.75569,0.935622,466
SLE_Discovery,SLE_Replication,0.181881,-0.63798,1,0.0330808,0,1,0.598293,468
SLE_Discovery,SLE_Replication,0.00917034,-1,1,8.40951e-05,0,1,0.981742,469
SLE_Discovery,SLE_Replication,0.373137,-0.17234,1,0.139231,0,1,0.167751,470
SLE_Discovery,SLE_Replication,0.130913,-0.33464,0.66029,0.0171383,0,0.43929,0.554846,471
SLE_Discovery,SLE_Replication,-0.107647,-0.83904,0.53764,0.0115879,0,0.81131,0.704973,472
SLE_Discovery,SLE_Replication,0.124266,-0.42619,0.72933,0.015442,0,0.57287,0.616802,474
SLE_Discovery,SLE_Replication,0.31374,-0.25118,1,0.0984327,0,1,0.256949,475
SLE_Discovery,SLE_Replication,0.06792,-0.43121,0.61041,0.00461312,0,0.40732,0.771609,476
SLE_Discovery,SLE_Replication,0.0322837,-0.4766,0.55445,0.00104224,0,0.37837,0.889205,478
SLE_Discovery,SLE_Replication,-0.30012,-1,0.61145,0.0900723,0,1,0.429331,479
SLE_Discovery,SLE_Replication,0.0736909,-0.30014,0.46856,0.00543035,0,0.23212,0.687994,483
SLE_Discovery,SLE_Replication,0.251211,-0.37837,1,0.063107,0,1,0.403816,484
SLE_Discovery,SLE_Replication,-0.284351,-1,0.33696,0.0808553,0,1,0.318557,485
SLE_Discovery,SLE_Replication,-0.450121,-1,0.38968,0.202609,0,1,0.249949,488
SLE_Discovery,SLE_Replication,0.117359,-0.59159,0.96484,0.0137731,0,1,0.70582,489
SLE_Discovery,SLE_Replication,-0.196597,-1,0.78456,0.0386504,0,1,0.615733,505
SLE_Discovery,SLE_Replication,0.193738,-0.37108,0.95397,0.0375346,0,0.94299,0.447769,512
SLE_Discovery,SLE_Replication,0.0346778,-0.69907,0.82973,0.00120255,0,1,0.90746,517
SLE_Discovery,SLE_Replication,0.27986,-0.107,0.708,0.0783217,0,0.50126,0.155549,518
SLE_Discovery,SLE_Replication,-0.0714159,-0.48217,0.33337,0.00510024,0,0.24896,0.71043,519
SLE_Discovery,SLE_Replication,0.118269,-0.36842,0.66222,0.0139877,0,0.45614,0.611881,532
SLE_Discovery,SLE_Replication,-0.245451,-1,0.38917,0.060246,0,1,0.39207,533
SLE_Discovery,SLE_Replication,-0.0195712,-0.5549,0.51402,0.000383032,0,0.4064,0.935928,538
SLE_Discovery,SLE_Replication,0.331063,-0.1204,0.88156,0.109603,0,0.77715,0.135291,539
SLE_Discovery,SLE_Replication,-0.0820985,-1,1,0.00674016,0,1,0.846218,545
SLE_Discovery,SLE_Replication,-0.23515,-1,0.36566,0.0552956,0,1,0.398135,550
SLE_Discovery,SLE_Replication,-0.350821,-1,0.29415,0.123075,0,1,0.255895,552
SLE_Discovery,SLE_Replication,0.578984,0.13503,1,0.335223,0.01972,1,0.0155573,561
SLE_Discovery,SLE_Replication,0.593753,0.01431,1,0.352542,0.00575,1,0.0476577,569
SLE_Discovery,SLE_Replication,0.448549,-0.12769,1,0.201196,0,1,0.112671,570
SLE_Discovery,SLE_Replication,-0.0286822,-0.47428,0.40455,0.000822666,0,0.25954,0.888597,573
SLE_Discovery,SLE_Replication,0.175037,-0.76192,1,0.0306381,0,1,0.640048,574
SLE_Discovery,SLE_Replication,-0.641444,-1,-0.10847,0.411451,0.01589,1,0.0235438,577
SLE_Discovery,SLE_Replication,-0.310145,-0.76359,0.08311,0.0961896,0,0.58307,0.110942,583
SLE_Discovery,SLE_Replication,0.0792158,-0.38986,0.56919,0.00627514,0,0.35627,0.71486,584
SLE_Discovery,SLE_Replication,0.242503,-0.1174,0.65979,0.0588079,0,0.43532,0.182821,585
SLE_Discovery,SLE_Replication,0.489885,-0.0329,1,0.239987,0,1,0.0718145,586
SLE_Discovery,SLE_Replication,0.843303,0.20115,1,0.71116,0.04366,1,0.0147168,588
SLE_Discovery,SLE_Replication,-0.750749,-1,-0.27508,0.563624,0.07567,1,0.00330378,590
SLE_Discovery,SLE_Replication,0.0595968,-0.57848,0.7444,0.00355178,0,0.67701,0.827513,591
SLE_Discovery,SLE_Replication,0.406299,-0.10653,1,0.165079,0,1,0.117505,601
SLE_Discovery,SLE_Replication,0.562744,-0.13767,1,0.31668,0,1,0.101594,603
SLE_Discovery,SLE_Replication,0.0785876,-0.38345,0.57,0.006176,0,0.35168,0.717366,604
SLE_Discovery,SLE_Replication,-0.390699,-1,0.12888,0.152645,0,1,0.145679,605
SLE_Discovery,SLE_Replication,0.512124,-0.10873,1,0.262271,0,1,0.0993511,613
SLE_Discovery,SLE_Replication,-0.101971,-0.74188,0.48073,0.0103981,0,0.6429,0.701539,619
SLE_Discovery,SLE_Replication,0.488109,-0.19008,1,0.23825,0,1,0.14675,620
SLE_Discovery,SLE_Replication,0.494105,-0.20455,1,0.24414,0,1,0.153475,621
SLE_Discovery,SLE_Replication,0.332095,-0.37634,1,0.110287,0,1,0.321586,623
SLE_Discovery,SLE_Replication,0.16689,-0.418,0.83097,0.0278522,0,0.73412,0.52597,624
SLE_Discovery,SLE_Replication,0.334143,-0.04064,0.77728,0.111652,0,0.60416,0.08291,638
SLE_Discovery,SLE_Replication,0.695128,0.07108,1,0.483203,0.01187,1,0.0339153,640
SLE_Discovery,SLE_Replication,0.44804,-0.20959,1,0.20074,0,1,0.154723,652
SLE_Discovery,SLE_Replication,0.0907014,-0.95409,1,0.00822675,0,1,0.817707,653
SLE_Discovery,SLE_Replication,0.0132244,-1,1,0.000174884,0,1,0.973355,655
SLE_Discovery,SLE_Replication,0.113855,-0.48723,0.78664,0.012963,0,0.68102,0.670007,658
SLE_Discovery,SLE_Replication,0.165225,-0.63524,1,0.0272992,0,1,0.622721,663
SLE_Discovery,SLE_Replication,-0.190318,-1,1,0.036221,0,1,0.662004,668
SLE_Discovery,SLE_Replication,-0.694092,-1,-0.14369,0.481764,0.02384,1,0.0201564,670
SLE_Discovery,SLE_Replication,0.149876,-0.65032,1,0.0224627,0,1,0.64877,673
SLE_Discovery,SLE_Replication,0.149839,-0.58231,1,0.0224517,0,1,0.6325,674
SLE_Discovery,SLE_Replication,-0.377334,-1,0.53303,0.142381,0,1,0.339422,676
SLE_Discovery,SLE_Replication,0.0868935,-0.57529,0.79521,0.00755048,0,0.76235,0.758891,690
SLE_Discovery,SLE_Replication,0.34875,-0.1316,1,0.121626,0,1,0.14903,692
SLE_Discovery,SLE_Replication,-0.637455,-1,0.38754,0.406349,0,1,0.181931,695
SLE_Discovery,SLE_Replication,0.119936,-0.37973,0.6512,0.0143846,0,0.43904,0.603295,698
SLE_Discovery,SLE_Replication,0.253327,-0.30055,0.97262,0.0641744,0,0.94937,0.327786,701
SLE_Discovery,SLE_Replication,0.955406,0.10839,1,0.9128,0.02963,1,0.0393823,702
SLE_Discovery,SLE_Replication,-0.229137,-1,0.63833,0.0525039,0,1,0.531871,712
SLE_Discovery,SLE_Replication,-0.0598211,-0.87078,0.68937,0.00357856,0,0.95295,0.842248,725
SLE_Discovery,SLE_Replication,0.444251,-0.1449,1,0.197359,0,1,0.128167,726
SLE_Discovery,SLE_Replication,0.210557,-0.2547,0.73491,0.0443342,0,0.54205,0.346285,727
SLE_Discovery,SLE_Replication,0.269209,-0.36683,1,0.0724733,0,1,0.362939,738
SLE_Discovery,SLE_Replication,-0.814075,-1,-0.11421,0.662717,0.02481,1,0.0286147,744
SLE_Discovery,SLE_Replication,-0.0257095,-1,1,0.000660978,0,1,0.945094,757
SLE_Discovery,SLE_Replication,0.0463773,-0.69876,0.81788,0.00215085,0,0.94638,0.87857,759
SLE_Discovery,SLE_Replication,0.0311478,-0.95291,1,0.000970184,0,1,0.932114,764
SLE_Discovery,SLE_Replication,0.437949,-0.06093,1,0.191799,0,1,0.093494,765
SLE_Discovery,SLE_Replication,-0.412139,-0.83897,-0.06436,0.169859,0.00579,0.70387,0.0235754,768
SLE_Discovery,SLE_Replication,-0.225393,-1,0.61342,0.0508019,0,1,0.525411,771
SLE_Discovery,SLE_Replication,-0.506529,-1,-0.03771,0.256571,0.00541,1,0.0330837,772
SLE_Discovery,SLE_Replication,-0.365563,-1,0.22648,0.133636,0,1,0.187895,777
SLE_Discovery,SLE_Replication,-0.0915672,-0.92341,0.62255,0.00838455,0,1,0.765072,778
SLE_Discovery,SLE_Replication,-0.256364,-1,0.45315,0.0657224,0,1,0.420745,779
SLE_Discovery,SLE_Replication,0.0253561,-0.48064,0.53471,0.000642934,0,0.35867,0.913012,781
SLE_Discovery,SLE_Replication,-0.155545,-0.55491,0.2162,0.0241941,0,0.30815,0.399485,782
SLE_Discovery,SLE_Replication,0.132513,-0.2887,0.59482,0.0175596,0,0.35858,0.5179,785
SLE_Discovery,SLE_Replication,0.0897162,-0.51055,0.74023,0.00804899,0,0.62441,0.737784,786
SLE_Discovery,SLE_Replication,-0.726454,-1,-0.08315,0.527735,0.01369,1,0.0281302,790
SLE_Discovery,SLE_Replication,-0.644116,-1,0.08944,0.414885,0,1,0.0836479,798
SLE_Discovery,SLE_Replication,-0.484516,-1,0.21993,0.234756,0,1,0.168242,801
SLE_Discovery,SLE_Replication,0.322302,-0.26722,1,0.103879,0,1,0.245706,802
SLE_Discovery,SLE_Replication,-0.258648,-1,0.41714,0.0668987,0,1,0.39619,804
SLE_Discovery,SLE_Replication,0.29087,-0.39844,1,0.0846054,0,1,0.360113,806
SLE_Discovery,SLE_Replication,0.231322,-0.39549,1,0.05351,0,1,0.42102,807
SLE_Discovery,SLE_Replication,0.329768,-0.47781,1,0.108747,0,1,0.366332,821
SLE_Discovery,SLE_Replication,0.916927,0.35693,1,0.840755,0.12804,1,0.0027992,822
SLE_Discovery,SLE_Replication,0.695519,0.22746,1,0.483746,0.05174,1,0.00705691,826
SLE_Discovery,SLE_Replication,-0.180682,-1,0.52057,0.032646,0,1,0.556251,841
SLE_Discovery,SLE_Replication,0.754733,-0.01196,1,0.569623,0,1,0.0523166,849
SLE_Discovery,SLE_Replication,0.0127593,-0.71942,0.7144,0.000162801,0,0.75468,0.964651,861
SLE_Discovery,SLE_Replication,0.491759,-0.02358,1,0.241827,0,1,0.064182,863
SLE_Discovery,SLE_Replication,0.238859,-0.28103,0.85107,0.0570536,0,0.73276,0.331876,864
SLE_Discovery,SLE_Replication,-0.506796,-1,0.31365,0.256842,0,1,0.187073,865
SLE_Discovery,SLE_Replication,0.0117371,-0.59907,0.64919,0.00013776,0,0.5979,0.964022,872
SLE_Discovery,SLE_Replication,-0.424775,-1,0.29443,0.180434,0,1,0.21812,873
SLE_Discovery,SLE_Replication,-0.273893,-0.77131,0.15367,0.0750174,0,0.59537,0.193779,881
SLE_Discovery,SLE_Replication,0.0218415,-0.35459,0.41796,0.00047705,0,0.19883,0.906156,888
SLE_Discovery,SLE_Replication,-0.0427307,-1,0.9226,0.00182591,0,1,0.903318,893
SLE_Discovery,SLE_Replication,-0.340416,-1,0.23943,0.115883,0,1,0.226389,894
SLE_Discovery,SLE_Replication,0.413331,0.01751,0.89685,0.170842,0.00279,0.80434,0.0435492,897
SLE_Discovery,SLE_Replication,0.291516,-0.02938,0.65983,0.0849813,0,0.43538,0.0718114,899
SLE_Discovery,SLE_Replication,0.646116,-0.00979,1,0.417466,0,1,0.0534734,903
SLE_Discovery,SLE_Replication,0.824343,0.29792,1,0.679541,0.08875,1,0.00459923,906
SLE_Discovery,SLE_Replication,0.263138,-0.05997,0.60246,0.0692415,0,0.36296,0.104608,908
SLE_Discovery,SLE_Replication,0.359474,0.00208,0.8469,0.129221,0.00159,0.71724,0.0603664,909
SLE_Discovery,SLE_Replication,-0.741744,-1,-0.14457,0.550185,0.0273,1,0.0209798,910
SLE_Discovery,SLE_Replication,-0.103801,-0.46834,0.24571,0.0107747,0,0.22138,0.548016,915
SLE_Discovery,SLE_Replication,0.0768056,-0.32414,0.49274,0.00589911,0,0.25834,0.688516,916
SLE_Discovery,SLE_Replication,-0.481995,-1,0.32629,0.232319,0,1,0.197192,917
SLE_Discovery,SLE_Replication,-0.106135,-0.56064,0.3366,0.0112647,0,0.33461,0.613442,918
SLE_Discovery,SLE_Replication,0.494677,0.11434,0.98519,0.244705,0.01432,0.97061,0.0130065,920
SLE_Discovery,SLE_Replication,0.429113,-0.28106,1,0.184138,0,1,0.210753,921
SLE_Discovery,SLE_Replication,0.546924,0.07221,1,0.299125,0.0077,1,0.0306473,923
SLE_Discovery,SLE_Replication,0.488365,-0.02989,1,0.2385,0,1,0.0649876,924
SLE_Discovery,SLE_Replication,0.0814269,-0.25724,0.4282,0.00663034,0,0.19072,0.623104,926
SLE_Discovery,SLE_Replication,0.292886,-0.08471,0.72622,0.0857822,0,0.52739,0.122966,927
SLE_Discovery,SLE_Replication,0.397707,-0.00746,0.90231,0.158171,0,0.81416,0.0557007,928
SLE_Discovery,SLE_Replication,0.239234,-0.17835,0.72346,0.0572328,0,0.52561,0.248363,929
SLE_Discovery,SLE_Replication,0.249534,-0.22629,0.85344,0.0622673,0,0.73558,0.289569,931
SLE_Discovery,SLE_Replication,-0.0111902,-0.41008,0.37765,0.00012522,0,0.20879,0.952817,932
SLE_Discovery,SLE_Replication,-0.149553,-0.78505,0.41297,0.022366,0,0.64242,0.559562,934
SLE_Discovery,SLE_Replication,-0.00934498,-0.6676,0.66372,8.73286e-05,0,0.65921,0.973262,936
SLE_Discovery,SLE_Replication,0.0587046,-0.32602,0.45383,0.00344623,0,0.2236,0.758897,937
SLE_Discovery,SLE_Replication,-0.077488,-0.70452,0.51135,0.00600439,0,0.56777,0.766389,938
SLE_Discovery,SLE_Replication,-0.391789,-1,0.14358,0.153499,0,1,0.145245,939
SLE_Discovery,SLE_Replication,0.342735,-0.31217,1,0.117467,0,1,0.283817,944
SLE_Discovery,SLE_Replication,0.541521,0.10655,1,0.293245,0.01446,1,0.0189004,946
SLE_Discovery,SLE_Replication,-0.71755,-1,0.02266,0.514878,0,1,0.0588668,947
SLE_Discovery,SLE_Replication,0.11376,-0.28749,0.54155,0.0129413,0,0.29885,0.560315,948
SLE_Discovery,SLE_Replication,0.52222,0.23303,0.87779,0.272714,0.0543,0.77051,0.000701305,949
SLE_Discovery,SLE_Replication,0.507892,0.03049,1,0.257954,0.00442,1,0.0405597,950
SLE_Discovery,SLE_Replication,0.82498,0.39429,1,0.680592,0.15546,1,0.000797624,951
SLE_Discovery,SLE_Replication,0.589659,0.25865,1,0.347698,0.0669,1,0.00108589,952
SLE_Discovery,SLE_Replication,0.814079,0.42249,1,0.662725,0.1785,1,0.00071544,953
SLE_Discovery,SLE_Replication,0.559885,0.24568,0.94481,0.313471,0.06036,0.89266,0.00146441,954
SLE_Discovery,SLE_Replication,0.514606,0.20847,0.82877,0.26482,0.04346,0.68686,0.00216497,955
SLE_Discovery,SLE_Replication,0.544759,0.30716,0.79211,0.296763,0.09435,0.62744,3.60347e-05,956
SLE_Discovery,SLE_Replication,0.780453,0.62755,0.94374,0.609107,0.39382,0.89064,3.76267e-14,957
SLE_Discovery,SLE_Replication,0.60911,0.37838,0.8555,0.371015,0.14317,0.73187,1.10281e-05,958
SLE_Discovery,SLE_Replication,0.873382,0.69601,1,0.762796,0.48443,1,1.81975e-10,959
SLE_Discovery,SLE_Replication,0.640384,0.48386,0.79487,0.410091,0.23412,0.63181,4.89122e-11,960
SLE_Discovery,SLE_Replication,0.621247,0.47409,0.77411,0.385948,0.22476,0.59925,4.42507e-13,961
SLE_Discovery,SLE_Replication,0.913776,0.76949,1,0.834987,0.59212,1,7.11448e-13,962
SLE_Discovery,SLE_Replication,0.930104,0.68159,1,0.865093,0.46456,1,0.000339667,963
SLE_Discovery,SLE_Replication,0.930216,0.84916,1,0.865301,0.72107,1,1.95516e-31,964
SLE_Discovery,SLE_Replication,0.932263,0.85039,1,0.869114,0.72317,1,6.85319e-36,965
SLE_Discovery,SLE_Replication,0.97977,0.9267,1,0.95995,0.85877,1,4.92654e-35,966
SLE_Discovery,SLE_Replication,0.791766,0.61384,0.98702,0.626894,0.3768,0.97421,1.11099e-11,967
SLE_Discovery,SLE_Replication,0.56171,0.36176,0.7749,0.315518,0.13087,0.60047,9.45947e-07,968
SLE_Discovery,SLE_Replication,0.254007,-0.07012,0.62045,0.0645197,0,0.38496,0.130284,969
SLE_Discovery,SLE_Replication,-0.0258844,-1,0.95056,0.000670002,0,1,0.942168,972
SLE_Discovery,SLE_Replication,0.112375,-0.59585,0.94307,0.0126282,0,1,0.709537,974
SLE_Discovery,SLE_Replication,0.13667,-0.35661,0.69558,0.0186788,0,0.49588,0.560784,976
SLE_Discovery,SLE_Replication,0.60768,-0.04989,1,0.369274,0,1,0.070343,977
SLE_Discovery,SLE_Replication,-0.203647,-0.85718,0.29961,0.0414722,0,0.74591,0.39991,978
SLE_Discovery,SLE_Replication,-0.0380106,-0.95045,0.83855,0.00144481,0,1,0.911185,981
SLE_Discovery,SLE_Replication,0.107445,-0.75477,1,0.0115444,0,1,0.756764,1003
SLE_Discovery,SLE_Replication,-0.135845,-1,0.63424,0.0184539,0,1,0.676204,1006
SLE_Discovery,SLE_Replication,0.439637,-0.1704,1,0.19328,0,1,0.144871,1009
SLE_Discovery,SLE_Replication,-0.272273,-0.7921,0.1668,0.0741324,0,0.62842,0.208723,1012
SLE_Discovery,SLE_Replication,-0.314689,-1,0.46564,0.0990292,0,1,0.368774,1013
SLE_Discovery,SLE_Replication,0.444838,-0.16724,1,0.197881,0,1,0.142225,1021
SLE_Discovery,SLE_Replication,0.461087,-0.06237,1,0.212601,0,1,0.0825226,1022
SLE_Discovery,SLE_Replication,0.236154,-0.36133,0.97016,0.0557686,0,0.95663,0.393026,1026
SLE_Discovery,SLE_Replication,-0.0190671,-0.40902,0.37716,0.000363556,0,0.2179,0.916967,1037
SLE_Discovery,SLE_Replication,0.747408,0.19153,1,0.558619,0.0383,1,0.0107222,1038
SLE_Discovery,SLE_Replication,0.182892,-0.29345,0.71863,0.0334495,0,0.52619,0.427121,1052
SLE_Discovery,SLE_Replication,0.0929559,-0.54902,0.80049,0.0086408,0,0.74609,0.738605,1054
SLE_Discovery,SLE_Replication,0.0678622,-0.41184,0.55288,0.00460528,0,0.3486,0.758058,1057
SLE_Discovery,SLE_Replication,-0.283672,-1,0.41268,0.0804696,0,1,0.380736,1062
SLE_Discovery,SLE_Replication,0.0973191,-0.53927,0.83188,0.009471,0,0.75508,0.733467,1065
SLE_Discovery,SLE_Replication,0.225647,-0.25035,0.83534,0.0509165,0,0.70457,0.330068,1067
SLE_Discovery,SLE_Replication,0.361224,0.01882,0.77326,0.130482,0.00205,0.59793,0.0416703,1071
SLE_Discovery,SLE_Replication,-0.0588329,-0.56937,0.3992,0.00346131,0,0.36417,0.787273,1072
SLE_Discovery,SLE_Replication,-0.545764,-1,-0.15917,0.297859,0.02536,1,0.00627707,1073
SLE_Discovery,SLE_Replication,-0.22825,-1,0.51744,0.052098,0,1,0.484435,1076
SLE_Discovery,SLE_Replication,-0.473393,-1,0.05621,0.224101,0,1,0.0751343,1079
SLE_Discovery,SLE_Replication,0.0503127,-0.56855,0.75637,0.00253137,0,0.71482,0.848161,1080
SLE_Discovery,SLE_Replication,-0.137334,-0.87418,0.48613,0.0188606,0,0.84742,0.626878,1085
SLE_Discovery,SLE_Replication,-0.345944,-1,0.27699,0.119677,0,1,0.251806,1086
SLE_Discovery,SLE_Replication,0.369849,-0.28737,1,0.136788,0,1,0.237711,1088
SLE_Discovery,SLE_Replication,-0.029378,-0.75,0.68488,0.000863068,0,0.781,0.920336,1090
SLE_Discovery,SLE_Replication,-0.0176727,-0.83357,0.75613,0.000312324,0,1,0.954307,1092
SLE_Discovery,SLE_Replication,-0.0121979,-0.79169,0.78646,0.000148789,0,1,0.96853,1100
SLE_Discovery,SLE_Replication,0.972412,0.39069,1,0.945585,0.15267,1,0.0031066,1101
SLE_Discovery,SLE_Replication,-0.533617,-1,0.14781,0.284747,0,1,0.120251,1103
SLE_Discovery,SLE_Replication,0.0793513,-0.56697,0.78737,0.00629662,0,0.71799,0.778753,1110
SLE_Discovery,SLE_Replication,0.70869,0.33665,1,0.502241,0.11333,1,0.000453897,1113
SLE_Discovery,SLE_Replication,0.235837,-0.33509,1,0.0556191,0,1,0.383662,1116
SLE_Discovery,SLE_Replication,0.0132419,-0.98917,1,0.000175348,0,1,0.970758,1119
SLE_Discovery,SLE_Replication,-0.320917,-1,0.28078,0.102987,0,1,0.26059,1120
SLE_Discovery,SLE_Replication,-0.40571,-1,0.07544,0.164601,0,1,0.0907537,1121
SLE_Discovery,SLE_Replication,-0.213461,-1,0.76729,0.0455656,0,1,0.600011,1125
SLE_Discovery,SLE_Replication,-0.0933327,-0.88913,0.59514,0.008711,0,0.91006,0.752836,1126
SLE_Discovery,SLE_Replication,-0.235679,-0.8839,0.28766,0.0555447,0,0.7868,0.35022,1127
SLE_Discovery,SLE_Replication,0.392727,-0.24616,1,0.154235,0,1,0.213042,1134
SLE_Discovery,SLE_Replication,-0.964868,-1,-0.31325,0.93097,0.09992,1,0.00700033,1135
SLE_Discovery,SLE_Replication,-0.385912,-1,0.43781,0.148928,0,1,0.289893,1138
SLE_Discovery,SLE_Replication,0.171294,-0.44481,0.88809,0.0293417,0,0.85292,0.540595,1143
SLE_Discovery,SLE_Replication,0.450505,0.05,0.91765,0.202955,0.00512,0.84208,0.0250886,1146
SLE_Discovery,SLE_Replication,0.0547949,-0.79966,1,0.00300249,0,1,0.872267,1153
SLE_Discovery,SLE_Replication,-0.205803,-1,0.85089,0.0423547,0,1,0.61849,1161
SLE_Discovery,SLE_Replication,0.696573,-0.19199,1,0.485214,0,1,0.114378,1163
SLE_Discovery,SLE_Replication,-0.267741,-1,0.30469,0.0716852,0,1,0.328446,1164
SLE_Discovery,SLE_Replication,0.652657,0.16255,1,0.425961,0.02838,1,0.0129111,1166
SLE_Discovery,SLE_Replication,-0.118184,-0.62061,0.35625,0.0139675,0,0.40411,0.595441,1169
SLE_Discovery,SLE_Replication,0.0616359,-1,1,0.00379898,0,1,0.880151,1174
SLE_Discovery,SLE_Replication,-0.0376969,-0.84486,0.71318,0.00142106,0,0.97393,0.901405,1177
SLE_Discovery,SLE_Replication,0.616916,0.1954,1,0.380585,0.03924,1,0.00737158,1179
SLE_Discovery,SLE_Replication,0.310909,-0.40604,1,0.0966641,0,1,0.335332,1182
SLE_Discovery,SLE_Replication,0.48687,-0.50872,1,0.237042,0,1,0.282775,1190
SLE_Discovery,SLE_Replication,0.00157797,-1,1,2.48999e-06,0,1,0.996619,1194
SLE_Discovery,SLE_Replication,0.551379,0.05398,1,0.304019,0.00685,1,0.03403,1201
SLE_Discovery,SLE_Replication,0.244047,-0.2514,0.79163,0.0595588,0,0.63072,0.306513,1204
SLE_Discovery,SLE_Replication,0.71404,0.52172,0.93788,0.509853,0.27219,0.87961,2.5544e-09,1207
SLE_Discovery,SLE_Replication,0.495148,-0.12411,1,0.245171,0,1,0.104594,1209
SLE_Discovery,SLE_Replication,0.428671,-0.64942,1,0.183759,0,1,0.362621,1210
SLE_Discovery,SLE_Replication,-0.373119,-1,0.50695,0.139218,0,1,0.34709,1212
SLE_Discovery,SLE_Replication,-0.534616,-1,0.06183,0.285814,0,1,0.0778648,1216
SLE_Discovery,SLE_Replication,0.510042,-0.05295,1,0.260143,0,1,0.0812624,1221
SLE_Discovery,SLE_Replication,0.228676,-0.48747,1,0.0522929,0,1,0.47182,1223
SLE_Discovery,SLE_Replication,0.473282,-0.08114,1,0.223996,0,1,0.0969165,1224
SLE_Discovery,SLE_Replication,-0.142266,-0.6011,0.29196,0.0202395,0,0.36536,0.498269,1225
SLE_Discovery,SLE_Replication,-0.186854,-0.58507,0.1712,0.0349143,0,0.34231,0.301898,1227
SLE_Discovery,SLE_Replication,-0.174111,-0.89576,0.3971,0.0303145,0,0.83717,0.52208,1228
SLE_Discovery,SLE_Replication,-0.066659,-0.46408,0.33309,0.00444342,0,0.23545,0.728386,1230
SLE_Discovery,SLE_Replication,0.422862,-0.01738,1,0.178812,0,1,0.0603418,1240
SLE_Discovery,SLE_Replication,-0.309267,-0.91239,0.1613,0.0956459,0,0.83246,0.188613,1244
SLE_Discovery,SLE_Replication,0.998384,0.09595,1,0.996771,0.02842,1,0.0344716,1247
SLE_Discovery,SLE_Replication,0.0746434,-0.66253,0.85651,0.00557164,0,0.94841,0.801425,1249
SLE_Discovery,SLE_Replication,0.983597,0.58466,1,0.967464,0.34182,1,7.69884e-06,1250
SLE_Discovery,SLE_Replication,0.0303356,-1,1,0.000920251,0,1,0.936194,1253
SLE_Discovery,SLE_Replication,0.364004,-0.46896,1,0.132499,0,1,0.32624,1254
SLE_Discovery,SLE_Replication,0.188183,-0.50719,1,0.0354127,0,1,0.535776,1256
SLE_Discovery,SLE_Replication,-0.103189,-0.88948,0.60504,0.0106481,0,0.92073,0.734515,1261
SLE_Discovery,SLE_Replication,0.177232,-0.55175,1,0.0314112,0,1,0.573247,1263
SLE_Discovery,SLE_Replication,0.172105,-0.605,1,0.0296202,0,1,0.598884,1267
SLE_Discovery,SLE_Replication,-0.061357,-0.68246,0.53558,0.00376468,0,0.60333,0.809387,1271
SLE_Discovery,SLE_Replication,0.10789,-0.59713,0.86107,0.0116402,0,0.84476,0.71425,1291
SLE_Discovery,SLE_Replication,-0.258349,-1,0.45529,0.0667441,0,1,0.427464,1296
SLE_Discovery,SLE_Replication,0.169513,-0.89474,1,0.0287348,0,1,0.669171,1298
SLE_Discovery,SLE_Replication,-0.226134,-1,0.50305,0.0511367,0,1,0.471818,1304
SLE_Discovery,SLE_Replication,-0.0988829,-1,1,0.00977782,0,1,0.802884,1308
SLE_Discovery,SLE_Replication,-0.0757283,-0.86894,0.65674,0.00573477,0,0.93713,0.801757,1309
SLE_Discovery,SLE_Replication,-1,-1,-0.34852,1,0.1226,1,0.00409079,1317
SLE_Discovery,SLE_Replication,0.0909253,-0.60675,0.83355,0.00826741,0,0.79809,0.758896,1320
SLE_Discovery,SLE_Replication,0.772849,0.02919,1,0.597295,0.01196,1,0.0498428,1322
SLE_Discovery,SLE_Replication,-0.00673845,-0.33323,0.32287,4.54067e-05,0,0.14594,0.966418,1324
SLE_Discovery,SLE_Replication,-0.221356,-1,0.47388,0.0489987,0,1,0.482607,1326
SLE_Discovery,SLE_Replication,0.23161,-0.32462,0.975,0.053643,0,0.97539,0.375065,1328
SLE_Discovery,SLE_Replication,0.189204,-0.81549,1,0.0357983,0,1,0.635634,1332
SLE_Discovery,SLE_Replication,-0.0379117,-1,0.97336,0.00143729,0,1,0.921636,1333
SLE_Discovery,SLE_Replication,-0.253182,-0.87618,0.27656,0.0641009,0,0.77821,0.321782,1335
SLE_Discovery,SLE_Replication,0.151195,-0.39557,0.79222,0.0228601,0,0.64878,0.558605,1345
SLE_Discovery,SLE_Replication,-0.0756882,-0.84862,0.58201,0.0057287,0,0.85775,0.793852,1349
SLE_Discovery,SLE_Replication,-0.0336495,-0.90049,0.72621,0.00113229,0,1,0.913111,1350
SLE_Discovery,SLE_Replication,0.347479,-0.44277,1,0.120742,0,1,0.329347,1351
SLE_Discovery,SLE_Replication,0.360391,-0.60017,1,0.129882,0,1,0.372059,1352
SLE_Discovery,SLE_Replication,0.587265,0.27065,1,0.34488,0.07325,1,0.000594454,1353
SLE_Discovery,SLE_Replication,-0.0238739,-0.6518,0.59658,0.000569964,0,0.57892,0.929236,1355
SLE_Discovery,SLE_Replication,0.258018,-0.26391,0.92283,0.0665733,0,0.85853,0.314727,1358
SLE_Discovery,SLE_Replication,0.386973,-0.16245,1,0.149748,0,1,0.14861,1360
SLE_Discovery,SLE_Replication,-0.277094,-1,0.7585,0.0767809,0,1,0.513834,1365
SLE_Discovery,SLE_Replication,-0.531051,-1,0.03155,0.282016,0,1,0.0649492,1366
SLE_Discovery,SLE_Replication,-0.00194448,-0.59921,0.58569,3.78102e-06,0,0.48643,0.993941,1367
SLE_Discovery,SLE_Replication,-0.0358717,-0.81852,0.68471,0.00128678,0,0.91122,0.905721,1373
SLE_Discovery,SLE_Replication,-0.0222986,-0.7485,0.70753,0.000497227,0,0.87842,0.938916,1380
SLE_Discovery,SLE_Replication,0.467095,-0.00962,1,0.218177,0,1,0.0571953,1381
SLE_Discovery,SLE_Replication,-0.241062,-1,0.64839,0.058111,0,1,0.516035,1389
SLE_Discovery,SLE_Replication,0.250025,-0.24712,0.85552,0.0625123,0,0.7389,0.297536,1401
SLE_Discovery,SLE_Replication,-0.275904,-1,0.68921,0.076123,0,1,0.490539,1407
SLE_Discovery,SLE_Replication,0.0968134,-0.68238,0.90388,0.00937283,0,1,0.760087,1408
SLE_Discovery,SLE_Replication,0.303548,-0.33771,1,0.0921412,0,1,0.313716,1419
SLE_Discovery,SLE_Replication,-0.118858,-0.68269,0.39316,0.0141273,0,0.49344,0.621947,1422
SLE_Discovery,SLE_Replication,-0.283701,-1,0.50888,0.0804862,0,1,0.425326,1423
SLE_Discovery,SLE_Replication,0.636597,-0.13085,1,0.405256,0,1,0.101263,1424
SLE_Discovery,SLE_Replication,-0.435797,-1,0.56745,0.189919,0,1,0.31746,1425
SLE_Discovery,SLE_Replication,-0.305235,-1,0.54161,0.0931683,0,1,0.408511,1426
SLE_Discovery,SLE_Replication,0.291125,-0.26904,1,0.0847535,0,1,0.272427,1427
SLE_Discovery,SLE_Replication,-0.035179,-0.49782,0.41508,0.00123756,0,0.29794,0.864698,1429
SLE_Discovery,SLE_Replication,-0.440238,-1,0.1524,0.193809,0,1,0.137758,1430
SLE_Discovery,SLE_Replication,-0.816027,-1,-0.01521,0.6659,0.01094,1,0.048841,1439
SLE_Discovery,SLE_Replication,-0.0197347,-0.91409,0.88919,0.000389458,0,1,0.953527,1443
SLE_Discovery,SLE_Replication,0.160701,-0.31755,0.70431,0.0258249,0,0.5047,0.483228,1453
SLE_Discovery,SLE_Replication,-0.547658,-1,0.05114,0.299929,0,1,0.0712341,1457
SLE_Discovery,SLE_Replication,0.191256,-0.4227,0.91571,0.0365788,0,0.88371,0.490341,1460
SLE_Discovery,SLE_Replication,0.570208,0.1478,1,0.325137,0.02298,1,0.00982235,1461
SLE_Discovery,SLE_Replication,0.0176594,-0.69322,0.73331,0.000311854,0,0.84853,0.949828,1462
SLE_Discovery,SLE_Replication,0.360139,-0.23844,1,0.1297,0,1,0.214861,1472
SLE_Discovery,SLE_Replication,0.0887607,-1,1,0.00787846,0,1,0.836736,1474
SLE_Discovery,SLE_Replication,0.0368852,-0.40671,0.49877,0.00136052,0,0.30471,0.861127,1476
SLE_Discovery,SLE_Replication,0.0553806,-0.7422,0.91384,0.00306701,0,1,0.863039,1478
SLE_Discovery,SLE_Replication,0.0124325,-0.77795,0.8176,0.000154567,0,0.98537,0.968747,1480
SLE_Discovery,SLE_Replication,0.479152,-0.34977,1,0.229587,0,1,0.224406,1481
SLE_Discovery,SLE_Replication,0.147365,-0.41774,0.79823,0.0217163,0,0.6768,0.57284,1486
SLE_Discovery,SLE_Replication,0.246412,-0.40339,1,0.0607187,0,1,0.412862,1487
SLE_Discovery,SLE_Replication,-0.11557,-0.90421,0.54881,0.0133564,0,0.99345,0.688124,1489
SLE_Discovery,SLE_Replication,0.590485,-0.1122,1,0.348673,0,1,0.0938812,1490
SLE_Discovery,SLE_Replication,0.279292,-0.26349,1,0.0780041,0,1,0.299373,1492
SLE_Discovery,SLE_Replication,0.365569,-0.18444,1,0.133641,0,1,0.173928,1495
SLE_Discovery,SLE_Replication,-0.803567,-1,-0.21883,0.645719,0.05018,1,0.0113987,1498
SLE_Discovery,SLE_Replication,0.139894,-0.50612,0.93344,0.0195703,0,0.94945,0.626395,1500
SLE_Discovery,SLE_Replication,0.565653,-0.0238,1,0.319963,0,1,0.0662029,1512
SLE_Discovery,SLE_Replication,-0.0373137,-0.61817,0.53723,0.00139231,0,0.49779,0.883162,1516
SLE_Discovery,SLE_Replication,0.078764,-0.89138,1,0.00620377,0,1,0.830933,1518
SLE_Discovery,SLE_Replication,0.0271616,-0.68864,0.77348,0.000737752,0,0.8534,0.925603,1520
SLE_Discovery,SLE_Replication,-0.388479,-1,0.3267,0.150916,0,1,0.240007,1522
SLE_Discovery,SLE_Replication,0.318337,-0.13992,0.93872,0.101339,0,0.88321,0.168579,1532
SLE_Discovery,SLE_Replication,-0.207216,-0.9832,0.41161,0.0429386,0,0.99471,0.469749,1533
SLE_Discovery,SLE_Replication,-1,-1,-0.42378,1,0.17959,1,0.00180808,1542
SLE_Discovery,SLE_Replication,-0.398246,-0.88849,0.00539,0.158599,0,0.78941,0.0563362,1545
SLE_Discovery,SLE_Replication,0.330216,-0.50853,1,0.109042,0,1,0.371079,1546
SLE_Discovery,SLE_Replication,0.134667,-0.73957,1,0.0181352,0,1,0.700156,1551
SLE_Discovery,SLE_Replication,0.599569,0.28025,1,0.359483,0.07854,1,0.000638656,1552
SLE_Discovery,SLE_Replication,0.168681,-0.21159,0.59351,0.0284532,0,0.35401,0.373265,1553
SLE_Discovery,SLE_Replication,-0.048539,-0.54374,0.4459,0.00235604,0,0.36195,0.8309,1554
SLE_Discovery,SLE_Replication,-0.29823,-1,0.74749,0.0889413,0,1,0.485482,1558
SLE_Discovery,SLE_Replication,0.0128703,-0.41262,0.47068,0.000165644,0,0.27636,0.950462,1559
SLE_Discovery,SLE_Replication,0.153074,-0.45356,0.89856,0.0234316,0,0.90048,0.578967,1563
SLE_Discovery,SLE_Replication,0.195938,-0.79912,1,0.0383917,0,1,0.625673,1565
SLE_Discovery,SLE_Replication,0.831717,0.31477,1,0.691752,0.09921,1,0.003946,1566
SLE_Discovery,SLE_Replication,-0.112962,-0.89416,0.53765,0.0127604,0,0.89456,0.698891,1568
SLE_Discovery,SLE_Replication,0.543751,0.09449,1,0.295665,0.01127,1,0.02021,1569
SLE_Discovery,SLE_Replication,0.230575,-0.3079,0.84734,0.053165,0,0.7293,0.362115,1575
SLE_Discovery,SLE_Replication,-0.0750789,-1,0.81625,0.00563684,0,1,0.831397,1576
SLE_Discovery,SLE_Replication,-0.340271,-1,0.45295,0.115785,0,1,0.348264,1577
SLE_Discovery,SLE_Replication,-0.38123,-1,0.19711,0.145337,0,1,0.180493,1586
SLE_Discovery,SLE_Replication,-0.123467,-0.74306,0.42288,0.0152442,0,0.58362,0.626274,1587
SLE_Discovery,SLE_Replication,-0.10864,-0.91868,0.62521,0.0118026,0,0.98623,0.721151,1589
SLE_Discovery,SLE_Replication,0.00419166,-0.4748,0.50058,1.757e-05,0,0.32295,0.984987,1592
SLE_Discovery,SLE_Replication,0.151098,-0.35016,0.71387,0.0228306,0,0.52889,0.520201,1593
SLE_Discovery,SLE_Replication,0.175207,-0.34924,0.80164,0.0306976,0,0.6728,0.474728,1594
SLE_Discovery,SLE_Replication,0.541755,0.08331,1,0.293498,0.0101,1,0.0236268,1601
SLE_Discovery,SLE_Replication,0.318356,-0.15396,1,0.101351,0,1,0.174561,1602
SLE_Discovery,SLE_Replication,-0.232723,-0.73037,0.21527,0.0541598,0,0.53599,0.2809,1603
SLE_Discovery,SLE_Replication,-0.0548353,-1,0.85792,0.00300691,0,1,0.876173,1605
SLE_Discovery,SLE_Replication,0.189615,-0.48519,1,0.0359538,0,1,0.516617,1608
SLE_Discovery,SLE_Replication,-0.21945,-1,0.83932,0.0481582,0,1,0.592514,1612
SLE_Discovery,SLE_Replication,-0.195664,-0.81858,0.34791,0.0382842,0,0.67832,0.455587,1616
SLE_Discovery,SLE_Replication,0.135896,-0.43155,0.79609,0.0184677,0,0.67307,0.591728,1620
SLE_Discovery,SLE_Replication,0.244731,-0.29887,0.94061,0.0598931,0,0.90334,0.344745,1623
SLE_Discovery,SLE_Replication,0.124249,-0.39395,0.70606,0.0154378,0,0.51204,0.605951,1624
SLE_Discovery,SLE_Replication,1,0.26016,1,1,0.0705,1,0.00326016,1626
SLE_Discovery,SLE_Replication,-1,-1,-0.20017,1,0.04925,1,0.0100226,1630
SLE_Discovery,SLE_Replication,0.112303,-0.35031,0.60512,0.0126119,0,0.37421,0.611331,1646
SLE_Discovery,SLE_Replication,0.44798,-0.3892,1,0.200686,0,1,0.24706,1648
SLE_Discovery,SLE_Replication,-0.257182,-1,0.71289,0.0661426,0,1,0.525888,1649
SLE_Discovery,SLE_Replication,0.640854,-0.18826,1,0.410694,0,1,0.119808,1655
SLE_Discovery,SLE_Replication,-0.281295,-0.5978,0.01707,0.079127,0,0.35736,0.0659169,1656
SLE_Discovery,SLE_Replication,0.899856,0.21789,1,0.809741,0.05241,1,0.0181952,1670
SLE_Discovery,SLE_Replication,0.197606,-0.18109,0.61577,0.0390481,0,0.37984,0.298988,1674
SLE_Discovery,SLE_Replication,-0.257964,-1,0.44794,0.0665454,0,1,0.417852,1680
SLE_Discovery,SLE_Replication,-0.0834144,-1,0.79958,0.00695797,0,1,0.808711,1684
SLE_Discovery,SLE_Replication,0.581008,-0.05817,1,0.33757,0,1,0.0736285,1686
SLE_Discovery,SLE_Replication,0.00382796,-0.80885,0.82465,1.46533e-05,0,1,0.990366,1687
SLE_Discovery,SLE_Replication,0.147768,-0.69418,1,0.0218355,0,1,0.664527,1701
SLE_Discovery,SLE_Replication,0.343062,-0.55926,1,0.117692,0,1,0.378782,1710
SLE_Discovery,SLE_Replication,0.123111,-0.52134,0.89267,0.0151564,0,0.86473,0.662272,1714
SLE_Discovery,SLE_Replication,-0.0836263,-0.86938,0.62038,0.00699335,0,0.89307,0.779996,1717
SLE_Discovery,SLE_Replication,-0.148947,-1,0.90091,0.0221852,0,1,0.718708,1718
SLE_Discovery,SLE_Replication,0.12421,-0.39358,0.70416,0.0154281,0,0.52858,0.60536,1721
SLE_Discovery,SLE_Replication,-0.123804,-0.87511,0.48385,0.0153275,0,0.86917,0.646781,1723
SLE_Discovery,SLE_Replication,0.495738,-0.11469,1,0.245756,0,1,0.107931,1727
SLE_Discovery,SLE_Replication,-0.288188,-0.80686,0.15226,0.0830524,0,0.65102,0.189424,1729
SLE_Discovery,SLE_Replication,-0.207073,-1,0.62228,0.0428791,0,1,0.562845,1730
SLE_Discovery,SLE_Replication,-0.0520757,-0.68543,0.54553,0.00271187,0,0.56612,0.844518,1731
SLE_Discovery,SLE_Replication,0.524158,-0.07353,1,0.274742,0,1,0.0837318,1732
SLE_Discovery,SLE_Replication,0.674022,0.34021,1,0.454306,0.11575,1,0.000177746,1733
SLE_Discovery,SLE_Replication,-0.0589599,-0.65593,0.51733,0.00347627,0,0.51221,0.816092,1735
SLE_Discovery,SLE_Replication,-0.215512,-0.62087,0.15525,0.0464453,0,0.38556,0.247189,1736
SLE_Discovery,SLE_Replication,0.228401,-0.22396,0.80729,0.052167,0,0.65676,0.306374,1737
SLE_Discovery,SLE_Replication,0.411207,-0.23742,1,0.169091,0,1,0.194885,1743
SLE_Discovery,SLE_Replication,0.261404,-0.31004,1,0.0683319,0,1,0.345741,1744
SLE_Discovery,SLE_Replication,0.100468,-0.42007,0.67031,0.0100938,0,0.48378,0.676219,1745
SLE_Discovery,SLE_Replication,-0.341712,-1,0.3173,0.116767,0,1,0.270983,1746
SLE_Discovery,SLE_Replication,-0.471744,-1,0.1146,0.222542,0,1,0.105088,1747
SLE_Discovery,SLE_Replication,-0.359716,-0.92397,0.10587,0.129396,0,0.85372,0.125102,1750
SLE_Discovery,SLE_Replication,0.144409,-0.27316,0.61151,0.0208539,0,0.37621,0.486789,1752
SLE_Discovery,SLE_Replication,0.0419955,-0.50457,0.60883,0.00176362,0,0.48523,0.861298,1753
SLE_Discovery,SLE_Replication,0.244941,-0.45611,1,0.0599963,0,1,0.44479,1754
SLE_Discovery,SLE_Replication,-0.5289,-1,0.35903,0.279736,0,1,0.206413,1755
SLE_Discovery,SLE_Replication,-0.830955,-1,0.06031,0.690485,0,1,0.0700974,1762
SLE_Discovery,SLE_Replication,0.441477,-0.4309,1,0.194902,0,1,0.282669,1765
SLE_Discovery,SLE_Replication,-0.240173,-1,0.47502,0.0576829,0,1,0.456196,1773
SLE_Discovery,SLE_Replication,0.240339,-0.42366,1,0.0577627,0,1,0.419496,1785
SLE_Discovery,SLE_Replication,-1,-1,-0.30674,1,0.09536,1,0.00703005,1792
SLE_Discovery,SLE_Replication,0.497145,-0.22119,1,0.247153,0,1,0.159693,1800
SLE_Discovery,SLE_Replication,0.390153,-0.40222,1,0.152219,0,1,0.290322,1802
SLE_Discovery,SLE_Replication,0.912376,0.34629,1,0.832429,0.12002,1,0.00397806,1803
SLE_Discovery,SLE_Replication,0.566477,0.00737,1,0.320896,0.00529,1,0.0466892,1804
SLE_Discovery,SLE_Replication,0.0785509,-0.60434,0.89419,0.00617025,0,1,0.786261,1812
SLE_Discovery,SLE_Replication,-0.0980627,-1,0.69512,0.00961629,0,1,0.761875,1829
SLE_Discovery,SLE_Replication,-0.201054,-1,0.64142,0.0404227,0,1,0.568279,1832
SLE_Discovery,SLE_Replication,0.0113859,-0.65918,0.70331,0.000129639,0,0.72547,0.968156,1833
SLE_Discovery,SLE_Replication,-0.0205245,-0.74704,0.71935,0.000421254,0,0.77542,0.944819,1836
SLE_Discovery,SLE_Replication,0.0793207,-0.81879,1,0.00629178,0,1,0.82333,1837
SLE_Discovery,SLE_Replication,-0.350686,-1,0.69261,0.122981,0,1,0.410341,1839
SLE_Discovery,SLE_Replication,-0.137357,-0.77903,0.41394,0.018867,0,0.63961,0.596264,1843
SLE_Discovery,SLE_Replication,-0.444336,-1,0.24622,0.197434,0,1,0.188829,1844
SLE_Discovery,SLE_Replication,0.180661,-0.31756,0.75343,0.0326386,0,0.57302,0.440871,1845
SLE_Discovery,SLE_Replication,0.426071,-0.05453,1,0.181536,0,1,0.0766898,1846
SLE_Discovery,SLE_Replication,0.213926,-0.34041,0.92694,0.0457642,0,0.89017,0.407357,1848
SLE_Discovery,SLE_Replication,0.305541,-0.1469,0.82886,0.0933555,0,0.68701,0.160099,1852
SLE_Discovery,SLE_Replication,-0.317505,-0.99241,0.1764,0.10081,0,0.99484,0.192622,1855
SLE_Discovery,SLE_Replication,-0.473778,-1,0.11913,0.224466,0,1,0.116974,1856
SLE_Discovery,SLE_Replication,0.161819,-0.17637,0.52547,0.0261854,0,0.27665,0.339591,1857
SLE_Discovery,SLE_Replication,0.230597,-0.31309,0.92384,0.053175,0,0.85851,0.372048,1858
SLE_Discovery,SLE_Replication,-0.966138,-1,-0.25339,0.933423,0.06815,1,0.014074,1861
SLE_Discovery,SLE_Replication,0.00699837,-0.99739,1,4.89772e-05,0,1,0.98476,1862
SLE_Discovery,SLE_Replication,0.0402465,-0.46392,0.55639,0.00161978,0,0.37688,0.860076,1866
SLE_Discovery,SLE_Replication,-0.11578,-0.97581,0.63361,0.0134049,0,1,0.708538,1867
SLE_Discovery,SLE_Replication,0.307859,-0.57759,1,0.0947772,0,1,0.424422,1868
SLE_Discovery,SLE_Replication,0.397467,-0.17962,1,0.15798,0,1,0.173419,1869
SLE_Discovery,SLE_Replication,1,0.32552,1,1,0.10756,1,0.0052207,1872
SLE_Discovery,SLE_Replication,0.0104238,-0.39862,0.41932,0.000108655,0,0.22197,0.957156,1875
SLE_Discovery,SLE_Replication,0.233124,-0.53488,1,0.0543469,0,1,0.487565,1878
SLE_Discovery,SLE_Replication,-0.131404,-1,0.973,0.017267,0,1,0.743628,1883
SLE_Discovery,SLE_Replication,0.4728,-0.0297,1,0.223539,0,1,0.0608367,1885
SLE_Discovery,SLE_Replication,0.462184,-0.49494,1,0.213614,0,1,0.281504,1887
SLE_Discovery,SLE_Replication,-0.0220916,-0.79081,0.75771,0.000488037,0,0.96278,0.941773,1892
SLE_Discovery,SLE_Replication,-0.0704646,-0.76601,0.56973,0.00496525,0,0.7176,0.798896,1893
SLE_Discovery,SLE_Replication,-0.065102,-0.97601,0.7013,0.00423827,0,1,0.839626,1895
SLE_Discovery,SLE_Replication,0.0532406,-1,1,0.00283457,0,1,0.891189,1906
SLE_Discovery,SLE_Replication,0.786439,0.18127,1,0.618486,0.03577,1,0.0176499,1907
SLE_Discovery,SLE_Replication,0.60333,-0.04741,1,0.364007,0,1,0.0694722,1912
SLE_Discovery,SLE_Replication,-0.318118,-1,0.34592,0.101199,0,1,0.300808,1913
SLE_Discovery,SLE_Replication,0.139694,-0.49098,0.8623,0.0195143,0,0.80032,0.616055,1914
SLE_Discovery,SLE_Replication,-0.103743,-1,0.79638,0.0107626,0,1,0.77038,1926
SLE_Discovery,SLE_Replication,-0.00342427,-0.47114,0.47322,1.17256e-05,0,0.32535,0.987103,1934
SLE_Discovery,SLE_Replication,0.0722298,-0.58771,0.81416,0.00521714,0,0.80665,0.796598,1937
SLE_Discovery,SLE_Replication,-0.204023,-1,0.45161,0.0416254,0,1,0.491954,1941
SLE_Discovery,SLE_Replication,0.0651846,-0.34975,0.50111,0.00424903,0,0.27336,0.744639,1942
SLE_Discovery,SLE_Replication,0.178749,-0.49761,1,0.0319512,0,1,0.556593,1944
SLE_Discovery,SLE_Replication,0.109043,-0.23942,0.47367,0.0118903,0,0.22656,0.520036,1945
SLE_Discovery,SLE_Replication,0.336939,-0.04371,0.88338,0.113528,0,0.78037,0.0832205,1948
SLE_Discovery,SLE_Replication,-0.155049,-1,1,0.0240402,0,1,0.711571,1950
SLE_Discovery,SLE_Replication,-0.621949,-1,-0.08414,0.38682,0.01159,1,0.0297184,1956
SLE_Discovery,SLE_Replication,0.121587,-0.34751,0.62973,0.0147834,0,0.41276,0.585343,1957
SLE_Discovery,SLE_Replication,-0.534775,-1,0.13702,0.285985,0,1,0.114058,1958
SLE_Discovery,SLE_Replication,0.0821871,-0.61818,0.85676,0.00675472,0,0.88334,0.782064,1962
SLE_Discovery,SLE_Replication,0.477714,0.06564,1,0.22821,0.00716,1,0.0301611,1963
SLE_Discovery,SLE_Replication,0.0912502,-0.54916,0.8189,0.0083266,0,0.79725,0.744554,1966
SLE_Discovery,SLE_Replication,-0.935955,-1,-0.30759,0.876011,0.09525,1,0.00759039,1971
SLE_Discovery,SLE_Replication,0.189236,-0.78374,1,0.0358104,0,1,0.630132,1976
SLE_Discovery,SLE_Replication,-0.243311,-1,0.47408,0.0592004,0,1,0.444017,1985
SLE_Discovery,SLE_Replication,0.286899,-0.31372,1,0.0823111,0,1,0.309862,1986
SLE_Discovery,SLE_Replication,-0.138515,-0.73014,0.41572,0.0191864,0,0.5588,0.578845,1988
SLE_Discovery,SLE_Replication,0.393143,-0.07451,1,0.154561,0,1,0.0961595,1993
SLE_Discovery,SLE_Replication,-0.187443,-0.76718,0.30227,0.0351349,0,0.59557,0.431637,1999
SLE_Discovery,SLE_Replication,0.403577,-0.06274,1,0.162875,0,1,0.0972212,2002
SLE_Discovery,SLE_Replication,0.15121,-0.43911,0.84059,0.0228644,0,0.74704,0.571229,2009
SLE_Discovery,SLE_Replication,0.0173561,-0.51801,0.54269,0.000301235,0,0.39018,0.941807,2011
SLE_Discovery,SLE_Replication,0.546645,-0.06267,1,0.298821,0,1,0.0778678,2015
SLE_Discovery,SLE_Replication,0.0907216,-0.72478,1,0.00823041,0,1,0.785683,2016
SLE_Discovery,SLE_Replication,0.469858,-0.15013,1,0.220767,0,1,0.11565,2017
SLE_Discovery,SLE_Replication,0.188374,-0.51066,1,0.0354849,0,1,0.538779,2018
SLE_Discovery,SLE_Replication,-0.362211,-1,0.28051,0.131197,0,1,0.243329,2019
SLE_Discovery,SLE_Replication,-0.312916,-0.64061,-0.02864,0.0979163,0.00214,0.41038,0.0355438,2021
SLE_Discovery,SLE_Replication,-0.259127,-0.91939,0.2615,0.0671468,0,0.85064,0.306265,2022
SLE_Discovery,SLE_Replication,0.30334,-0.09385,0.76724,0.0920153,0,0.58866,0.132388,2026
SLE_Discovery,SLE_Replication,-0.0168855,-0.65069,0.60924,0.000285118,0,0.57257,0.94933,2027
SLE_Discovery,SLE_Replication,-0.851759,-1,-0.22631,0.725494,0.05256,1,0.0131338,2037
SLE_Discovery,SLE_Replication,0.971487,0.36214,1,0.943788,0.13219,1,0.00275311,2038
SLE_Discovery,SLE_Replication,-0.219425,-0.94256,0.36073,0.0481472,0,0.91923,0.407953,2043
SLE_Discovery,SLE_Replication,-0.113455,-1,0.98309,0.0128721,0,1,0.776785,2047
SLE_Discovery,SLE_Replication,0.478767,-0.09325,1,0.229218,0,1,0.0965148,2048
SLE_Discovery,SLE_Replication,0.245633,-0.17164,0.72303,0.0603357,0,0.52277,0.239391,2049
SLE_Discovery,SLE_Replication,0.971086,0.24492,1,0.943008,0.06237,1,0.014801,2050
SLE_Discovery,SLE_Replication,0.24543,-0.22378,0.80689,0.0602361,0,0.6525,0.291207,2055
SLE_Discovery,SLE_Replication,0.047076,-0.79517,0.93937,0.00221615,0,1,0.885392,2058
SLE_Discovery,SLE_Replication,-0.171908,-0.77668,0.37343,0.0295524,0,0.61746,0.498244,2060
SLE_Discovery,SLE_Replication,0.425384,-0.37528,1,0.180951,0,1,0.244729,2063
SLE_Discovery,SLE_Replication,0.271749,-0.25587,0.93449,0.0738474,0,0.87475,0.287115,2064
SLE_Discovery,SLE_Replication,-0.0796012,-1,0.78808,0.00633634,0,1,0.811911,2066
SLE_Discovery,SLE_Replication,0.0469618,-0.63858,0.74989,0.00220541,0,0.77648,0.866697,2068
SLE_Discovery,SLE_Replication,-0.252346,-0.68567,0.13773,0.0636784,0,0.47014,0.197631,2071
SLE_Discovery,SLE_Replication,0.997377,0.56609,1,0.994762,0.32045,1,3.78319e-05,2072
SLE_Discovery,SLE_Replication,0.690545,0.31461,1,0.476853,0.09898,1,0.000783377,2076
SLE_Discovery,SLE_Replication,-0.796267,-1,-0.10462,0.634041,0.01799,1,0.0282812,2080
SLE_Discovery,SLE_Replication,0.349793,-0.45848,1,0.122355,0,1,0.329738,2081
SLE_Discovery,SLE_Replication,-0.765571,-1,0.03741,0.586099,0,1,0.0672959,2085
SLE_Discovery,SLE_Replication,0.220935,-0.52334,1,0.0488122,0,1,0.500848,2086
SLE_Discovery,SLE_Replication,-0.27126,-0.9399,0.27178,0.0735821,0,0.88417,0.29213,2087
SLE_Discovery,SLE_Replication,0.129344,-0.60933,1,0.0167299,0,1,0.680729,2089
SLE_Discovery,SLE_Replication,-0.318476,-1,0.21011,0.101427,0,1,0.222121,2092
SLE_Discovery,SLE_Replication,-0.151177,-0.64085,0.29331,0.0228544,0,0.42014,0.484402,2093
SLE_Discovery,SLE_Replication,0.160703,-0.31983,0.68159,0.0258253,0,0.47408,0.480758,2094
SLE_Discovery,SLE_Replication,0.161641,-0.32068,0.68294,0.0261279,0,0.47293,0.475768,2095
SLE_Discovery,SLE_Replication,0.317953,-0.37178,1,0.101094,0,1,0.327046,2097
SLE_Discovery,SLE_Replication,0.138844,-0.24967,0.55227,0.0192777,0,0.30925,0.460428,2105
SLE_Discovery,SLE_Replication,0.188387,-0.42129,0.90293,0.0354898,0,0.85636,0.49346,2106
SLE_Discovery,SLE_Replication,0.494504,0.05937,1,0.244535,0.00701,1,0.028702,2107
SLE_Discovery,SLE_Replication,-0.332699,-1,0.32939,0.110688,0,1,0.275573,2108
SLE_Discovery,SLE_Replication,0.607165,0.03792,1,0.36865,0.00634,1,0.044076,2109
SLE_Discovery,SLE_Replication,1,0.468,1,1,0.21902,1,0.000436807,2115
SLE_Discovery,SLE_Replication,-0.129531,-0.95501,0.58896,0.0167783,0,1,0.668418,2121
SLE_Discovery,SLE_Replication,-0.133306,-0.69862,0.36313,0.0177704,0,0.50521,0.575481,2122
SLE_Discovery,SLE_Replication,0.270954,-0.54046,1,0.0734159,0,1,0.447813,2123
SLE_Discovery,SLE_Replication,0.450021,0.11597,0.83837,0.202519,0.01416,0.70286,0.0105442,2124
SLE_Discovery,SLE_Replication,0.0678827,-0.60172,0.82143,0.00460807,0,0.89986,0.806232,2126
SLE_Discovery,SLE_Replication,0.157727,-0.62903,1,0.0248779,0,1,0.630094,2127
SLE_Discovery,SLE_Replication,0.717788,0.53905,0.91771,0.515219,0.29058,0.84218,2.36924e-10,2128
SLE_Discovery,SLE_Replication,0.408531,-0.05137,1,0.166897,0,1,0.082793,2133
SLE_Discovery,SLE_Replication,0.580834,0.19006,1,0.337368,0.0363,1,0.0059009,2134
SLE_Discovery,SLE_Replication,-0.0771625,-0.73005,0.50363,0.00595405,0,0.6369,0.762323,2136
SLE_Discovery,SLE_Replication,-0.262526,-0.88143,0.235,0.0689199,0,0.77984,0.273085,2137
SLE_Discovery,SLE_Replication,-0.171006,-0.94653,0.48183,0.0292431,0,0.95524,0.555464,2141
SLE_Discovery,SLE_Replication,0.275992,-0.58237,1,0.0761715,0,1,0.456982,2145
SLE_Discovery,SLE_Replication,0.303824,-0.06413,0.71582,0.0923092,0,0.5124,0.0983159,2151
SLE_Discovery,SLE_Replication,0.340394,-0.65358,1,0.115868,0,1,0.409475,2153
SLE_Discovery,SLE_Replication,0.0183854,-0.80072,0.8692,0.000338025,0,1,0.955048,2156
SLE_Discovery,SLE_Replication,0.245104,-0.23433,0.83419,0.0600759,0,0.69727,0.29622,2158
SLE_Discovery,SLE_Replication,0.361812,-0.32129,1,0.130908,0,1,0.260069,2160
SLE_Discovery,SLE_Replication,-0.381066,-1,0.29477,0.145212,0,1,0.231232,2161
SLE_Discovery,SLE_Replication,0.193386,-0.24639,0.7021,0.0373982,0,0.49521,0.370249,2163
SLE_Discovery,SLE_Replication,0.737529,0.18693,1,0.543949,0.03627,1,0.010015,2164
SLE_Discovery,SLE_Replication,-0.31875,-1,0.22148,0.101602,0,1,0.218251,2165
SLE_Discovery,SLE_Replication,0.477949,0.13735,0.90992,0.228435,0.0192,0.82795,0.00787478,2166
SLE_Discovery,SLE_Replication,0.41282,0.07328,0.88945,0.17042,0.00662,0.79112,0.0168873,2167
SLE_Discovery,SLE_Replication,-0.169546,-1,0.78496,0.0287459,0,1,0.650176,2168
SLE_Discovery,SLE_Replication,-0.0502602,-0.80681,0.65951,0.00252608,0,0.83907,0.865277,2174
SLE_Discovery,SLE_Replication,,,,,,,,2175
SLE_Discovery,SLE_Replication,-0.205985,-1,0.44104,0.0424298,0,1,0.485189,2179
SLE_Discovery,SLE_Replication,0.201698,-0.34092,0.89386,0.0406819,0,0.83843,0.427554,2181
SLE_Discovery,SLE_Replication,-0.395348,-1,0.03932,0.1563,0,1,0.0768753,2182
SLE_Discovery,SLE_Replication,-0.570419,-1,0.10751,0.325378,0,1,0.0938946,2185
SLE_Discovery,SLE_Replication,0.548164,-0.06823,1,0.300484,0,1,0.0841442,2186
SLE_Discovery,SLE_Replication,0.282583,-0.18719,0.86521,0.0798532,0,0.75382,0.211143,2187
SLE_Discovery,SLE_Replication,0.399468,-0.24034,1,0.159575,0,1,0.205137,2188
SLE_Discovery,SLE_Replication,0.594679,-0.13009,1,0.353644,0,1,0.108125,2195
SLE_Discovery,SLE_Replication,0.243193,-0.57083,1,0.059143,0,1,0.499574,2197
SLE_Discovery,SLE_Replication,-0.0195034,-0.49724,0.46822,0.000380383,0,0.33171,0.928422,2198
SLE_Discovery,SLE_Replication,-0.483263,-1,0.00869,0.233543,0,1,0.0555066,2199
SLE_Discovery,SLE_Replication,0.317706,-0.49539,1,0.100937,0,1,0.384677,2201
SLE_Discovery,SLE_Replication,1,0.37957,1,1,0.14464,1,0.00338863,2203
SLE_Discovery,SLE_Replication,0.213911,-0.55991,1,0.0457581,0,1,0.530127,2204
SLE_Discovery,SLE_Replication,0.354751,-0.23942,1,0.125848,0,1,0.233891,2209
SLE_Discovery,SLE_Replication,-0.0423729,-0.42961,0.34583,0.00179546,0,0.20808,0.82097,2210
SLE_Discovery,SLE_Replication,-0.580311,-1,0.0903,0.33676,0,1,0.0893096,2211
SLE_Discovery,SLE_Replication,-0.0892352,-0.68496,0.44326,0.00796292,0,0.53724,0.720328,2215
SLE_Discovery,SLE_Replication,0.00636537,-0.26034,0.27221,4.0518e-05,0,0.09427,0.961546,2216
SLE_Discovery,SLE_Replication,-0.327895,-1,0.66234,0.107515,0,1,0.439698,2218
SLE_Discovery,SLE_Replication,-0.108937,-1,0.91215,0.0118674,0,1,0.777611,2220
SLE_Discovery,SLE_Replication,-0.37063,-1,0.13165,0.137367,0,1,0.133659,2222
SLE_Discovery,SLE_Replication,0.080134,-0.42451,0.6661,0.00642146,0,0.4931,0.735717,2223
SLE_Discovery,SLE_Replication,0.544774,0.04851,1,0.296778,0.00693,1,0.0381068,2226
SLE_Discovery,SLE_Replication,-0.286957,-0.92288,0.20824,0.0823442,0,0.85566,0.244897,2227
SLE_Discovery,SLE_Replication,0.231797,-0.18933,0.69389,0.0537301,0,0.4818,0.265517,2229
SLE_Discovery,SLE_Replication,0.742697,0.04102,1,0.551599,0.01057,1,0.0419062,2231
SLE_Discovery,SLE_Replication,-0.58391,-1,-0.01415,0.340951,0.00536,1,0.0426399,2233
SLE_Discovery,SLE_Replication,-0.247639,-0.9178,0.23361,0.0613249,0,0.85733,0.276466,2241
SLE_Discovery,SLE_Replication,-0.103209,-0.55664,0.321,0.0106521,0,0.31988,0.605558,2242
SLE_Discovery,SLE_Replication,-0.702302,-1,-0.25094,0.493228,0.06297,1,0.0035542,2244
SLE_Discovery,SLE_Replication,0.697936,0.27034,1,0.487115,0.07308,1,0.00241327,2245
SLE_Discovery,SLE_Replication,0.543684,0.13171,1,0.295593,0.01808,1,0.0126412,2246
SLE_Discovery,SLE_Replication,0.125663,-0.49199,0.84523,0.0157912,0,0.79399,0.650489,2248
SLE_Discovery,SLE_Replication,0.551874,-0.067,1,0.304564,0,1,0.0753633,2249
SLE_Discovery,SLE_Replication,-0.166482,-1,0.55768,0.0277162,0,1,0.598057,2255
SLE_Discovery,SLE_Replication,0.174414,-0.37165,0.77899,0.0304201,0,0.63447,0.478049,2257
SLE_Discovery,SLE_Replication,0.716051,0.16645,1,0.512729,0.03018,1,0.016949,2259
SLE_Discovery,SLE_Replication,-0.185,-0.83722,0.37073,0.0342252,0,0.72055,0.473174,2261
SLE_Discovery,SLE_Replication,0.879735,0.36531,1,0.773933,0.13345,1,0.00171556,2262
SLE_Discovery,SLE_Replication,-0.34833,-1,0.18376,0.121334,0,1,0.175957,2270
SLE_Discovery,SLE_Replication,-0.186328,-0.52498,0.12756,0.034718,0,0.2756,0.245109,2272
SLE_Discovery,SLE_Replication,0.103088,-0.82885,1,0.0106272,0,1,0.772079,2273
SLE_Discovery,SLE_Replication,0.0889687,-0.5642,0.80474,0.00791542,0,0.73826,0.750652,2274
SLE_Discovery,SLE_Replication,-0.371692,-1,0.33989,0.138155,0,1,0.257758,2276
SLE_Discovery,SLE_Replication,0.257827,-0.44577,1,0.066475,0,1,0.426269,2283
SLE_Discovery,SLE_Replication,-0.291039,-1,0.21527,0.0847037,0,1,0.243545,2284
SLE_Discovery,SLE_Replication,-0.11285,-0.67432,0.40416,0.0127351,0,0.48309,0.645985,2287
SLE_Discovery,SLE_Replication,-0.35467,-1,0.1876,0.125791,0,1,0.189352,2293
SLE_Discovery,SLE_Replication,0.454163,-0.17704,1,0.206264,0,1,0.151378,2295
SLE_Discovery,SLE_Replication,0.0536196,-0.72904,0.89601,0.00287506,0,1,0.868816,2298
SLE_Discovery,SLE_Replication,-0.0736442,-0.725,0.52143,0.00542346,0,0.59673,0.782767,2301
SLE_Discovery,SLE_Replication,0.229135,-0.76366,1,0.052503,0,1,0.566334,2302
SLE_Discovery,SLE_Replication,0.332427,-0.18015,1,0.110508,0,1,0.198611,2305
SLE_Discovery,SLE_Replication,-0.135741,-0.73475,0.39604,0.0184257,0,0.56556,0.575333,2308
SLE_Discovery,SLE_Replication,-0.162021,-0.93393,0.49614,0.0262509,0,0.93288,0.569518,2311
SLE_Discovery,SLE_Replication,0.349458,-0.35336,1,0.122121,0,1,0.279337,2314
SLE_Discovery,SLE_Replication,-0.102421,-0.47342,0.25444,0.0104901,0,0.22736,0.562716,2318
SLE_Discovery,SLE_Replication,-0.110656,-0.72699,0.44759,0.0122446,0,0.58169,0.670428,2325
SLE_Discovery,SLE_Replication,0.156189,-0.53414,1,0.0243949,0,1,0.600759,2326
SLE_Discovery,SLE_Replication,-0.265465,-1,0.56826,0.0704716,0,1,0.463685,2327
SLE_Discovery,SLE_Replication,0.327301,-0.20512,1,0.107126,0,1,0.213096,2336
SLE_Discovery,SLE_Replication,,,,,,,,2337
SLE_Discovery,SLE_Replication,-0.870902,-1,-0.37841,0.75847,0.14319,1,0.00154303,2338
SLE_Discovery,SLE_Replication,0.306686,-0.18231,0.93108,0.0940563,0,0.86701,0.208625,2340
SLE_Discovery,SLE_Replication,0.0416741,-0.7542,0.87993,0.00173673,0,1,0.89696,2347
SLE_Discovery,SLE_Replication,0.528219,-0.36989,1,0.279015,0,1,0.198251,2348
SLE_Discovery,SLE_Replication,0.322771,-0.29158,1,0.104181,0,1,0.27284,2351
SLE_Discovery,SLE_Replication,0.276208,-0.70032,1,0.0762907,0,1,0.494888,2352
SLE_Discovery,SLE_Replication,0.949817,0.28974,1,0.902152,0.08441,1,0.00951579,2353
SLE_Discovery,SLE_Replication,0.251444,-0.33007,0.98114,0.0632241,0,0.98877,0.357626,2356
SLE_Discovery,SLE_Replication,0.453118,0.03355,1,0.205316,0.00499,1,0.0391666,2358
SLE_Discovery,SLE_Replication,0.453437,0.10112,0.90894,0.205605,0.01104,0.82616,0.0138329,2359
SLE_Discovery,SLE_Replication,-0.172805,-1,0.66903,0.0298617,0,1,0.617207,2360
SLE_Discovery,SLE_Replication,0.234141,-0.27653,0.94129,0.0548221,0,0.89957,0.338505,2365
SLE_Discovery,SLE_Replication,-0.174686,-1,0.80748,0.0305151,0,1,0.650303,2366
SLE_Discovery,SLE_Replication,-0.0666866,-1,0.8251,0.00444711,0,1,0.85153,2368
SLE_Discovery,SLE_Replication,-0.0268945,-0.53189,0.49727,0.000723316,0,0.3646,0.908336,2369
SLE_Discovery,SLE_Replication,0.30471,-0.02697,0.68207,0.0928483,0,0.46521,0.0777245,2370
SLE_Discovery,SLE_Replication,0.0177838,-0.49364,0.53896,0.000316263,0,0.38058,0.938939,2371
SLE_Discovery,SLE_Replication,0.210712,-0.35588,0.91732,0.0443994,0,0.8545,0.429115,2372
SLE_Discovery,SLE_Replication,0.436638,0.06784,0.90565,0.190653,0.00598,0.8202,0.0295126,2373
SLE_Discovery,SLE_Replication,0.585697,-0.22237,1,0.343041,0,1,0.143777,2375
SLE_Discovery,SLE_Replication,0.33244,-0.15584,0.9911,0.110516,0,0.98229,0.164069,2376
SLE_Discovery,SLE_Replication,0.116672,-0.2253,0.47729,0.0136123,0,0.22813,0.494084,2378
SLE_Discovery,SLE_Replication,0.38437,-0.36135,1,0.14774,0,1,0.261243,2380
SLE_Discovery,SLE_Replication,0.198282,-0.48838,1,0.0393156,0,1,0.519303,2385
SLE_Discovery,SLE_Replication,0.212887,-0.63134,1,0.0453207,0,1,0.541206,2386
SLE_Discovery,SLE_Replication,-0.0611175,-0.77502,0.61236,0.00373535,0,0.78751,0.827672,2404
SLE_Discovery,SLE_Replication,0.0612079,-0.72757,0.84675,0.00374641,0,1,0.84333,2408
SLE_Discovery,SLE_Replication,0.802341,0.19602,1,0.643751,0.04238,1,0.0119274,2413
SLE_Discovery,SLE_Replication,0.243979,-0.16706,0.7106,0.0595255,0,0.50525,0.230908,2415
SLE_Discovery,SLE_Replication,0.304523,-0.08179,0.76025,0.0927342,0,0.57798,0.123916,2422
SLE_Discovery,SLE_Replication,-0.512071,-1,0.47333,0.262216,0,1,0.255044,2423
SLE_Discovery,SLE_Replication,-0.494784,-1,0.00565,0.244811,0,1,0.0531543,2432
SLE_Discovery,SLE_Replication,0.204501,-0.44502,1,0.0418205,0,1,0.485577,2433
SLE_Discovery,SLE_Replication,0.519125,-0.25623,1,0.269491,0,1,0.176456,2434
SLE_Discovery,SLE_Replication,-0.263498,-0.88807,0.2404,0.0694311,0,0.79522,0.273769,2438
SLE_Discovery,SLE_Replication,0.118308,-0.2998,0.55581,0.0139968,0,0.31611,0.552583,2450
SLE_Discovery,SLE_Replication,-0.0219479,-0.41359,0.3771,0.000481712,0,0.21123,0.905541,2453
SLE_Discovery,SLE_Replication,-0.0679887,-0.49941,0.36243,0.00462247,0,0.27347,0.734041,2455
SLE_Discovery,SLE_Replication,0.191758,-0.28582,0.75459,0.0367713,0,0.57956,0.415003,2456
SLE_Discovery,SLE_Replication,-0.124267,-1,0.80996,0.0154423,0,1,0.733791,2457
SLE_Discovery,SLE_Replication,0.79446,0.2335,1,0.631167,0.05635,1,0.00939753,2458
SLE_Discovery,SLE_Replication,-0.465385,-1,0.27296,0.216583,0,1,0.18713,2460
SLE_Discovery,SLE_Replication,-0.367233,-1,0.20973,0.13486,0,1,0.193406,2463
SLE_Discovery,SLE_Replication,-0.431922,-1,0.13688,0.186557,0,1,0.130203,2464
SLE_Discovery,SLE_Replication,0.54299,-0.28434,1,0.294839,0,1,0.169396,2468
SLE_Discovery,SLE_Replication,0.0399695,-0.76415,0.85303,0.00159756,0,1,0.897364,2469
SLE_Discovery,SLE_Replication,-0.414413,-1,0.31726,0.171738,0,1,0.227113,2470
SLE_Discovery,SLE_Replication,0.290915,-0.15986,0.86711,0.0846318,0,0.75188,0.194457,2471
SLE_Discovery,SLE_Replication,0.144121,-0.26326,0.59435,0.0207707,0,0.35774,0.472812,2472
SLE_Discovery,SLE_Replication,0.523889,0.02426,1,0.27446,0.00403,1,0.0452696,2477
SLE_Discovery,SLE_Replication,0.08669,-0.95074,1,0.00751516,0,1,0.823044,2479
SLE_Discovery,SLE_Replication,-0.665099,-1,-0.0197,0.442356,0.00901,1,0.0399793,2481
SLE_Discovery,SLE_Replication,0.562407,0.06271,1,0.316301,0.00701,1,0.0291867,2482
SLE_Discovery,SLE_Replication,0.325318,-0.4717,1,0.105832,0,1,0.359899,2486
SLE_Discovery,SLE_Replication,0.109088,-0.27185,0.50069,0.0119002,0,0.25547,0.554043,2488
SLE_Discovery,SLE_Replication,-0.0624173,-0.63009,0.5062,0.00389591,0,0.47384,0.801654,2491
SLE_Discovery,SLE_Replication,-0.38087,-0.87469,0.01004,0.145062,0,0.76508,0.0623449,2492
SLE_Discovery,SLE_Replication,-0.218886,-0.78682,0.27413,0.0479112,0,0.62116,0.350056,2493
SLE_Discovery,SLE_Replication,-0.582376,-1,-0.06065,0.339162,0.009,1,0.0345358,2494
