SNP	CHR	BP	Dir_Bentham	Dir_Julia	Dir_Meta	Consistent
rs1078324	5	149822705	-1	-1	-1	TRUE
rs1270942	6	31951083	1	1	1	TRUE
rs13019891	2	113072292	-1	-1	-1	TRUE
rs13208096	6	28257533	1	1	1	TRUE
rs13212936	6	25588587	1	1	1	TRUE
rs144447022	6	29276442	1	1	1	TRUE
rs1464446	3	146883508	-1	1	-1	FALSE
rs149543464	6	30432986	1	1	1	TRUE
rs2573219	2	232423957	1	1	1	TRUE
rs35000415	7	128945562	1	1	1	TRUE
rs45527431	6	26599281	1	1	1	TRUE
rs4661543	1	14902605	1	1	1	TRUE
rs512681	2	118692587	-1	1	-1	FALSE
rs57651384	6	32956072	1	1	1	TRUE
rs7190807	16	31290589	1	1	1	TRUE
rs75424836	6	137908046	1	1	1	TRUE
rs7574865	2	191099907	-1	-1	-1	TRUE
rs7823055	8	54599116	-1	-1	-1	TRUE
rs9852014	3	129365738	1	1	1	TRUE
