CHR	BP	RSID	OA	EA	BETA_bentham	SE_bentham	P_bentham	BETA_finngen	SE_finngen	P_finngen	BETA_meta	SE_meta	P_meta	I2	HetP	OA_rep	EA_rep	OR_rep	P_rep	BETA_rep	concordant	replicated
2	191094763	rs4853458	G	A	0.5596157879354227	0.03268081922188668	9.883099999999997e-66	0.310166	0.0438018	1.42988e-12	0.47041122749965064	0.02619352315704158	4.0760419728691496e-72	95.2002825437363	5.007124807902731e-6	A	G	0.64864	5.42202e-10	0.43287741571850186	TRUE	TRUE
2	113072292	rs13019891	G	T	-0.5621189181535413	0.02903359706707113	1.6471899999999997e-83	-0.0288121	0.0396558	0.467499	-0.3760105120472006	0.02342616200858339	5.635938187339709e-58	99.15070500464805	1.972038550866026e-27	G	T	0.988131	0.884447	-0.01193999893057391	TRUE	FALSE
7	128945562	rs35000415	C	T	0.5877866649021191	0.04153895469730211	1.8609e-45	0.388219	0.0496043	5.02343e-15	0.505525533587978	0.031847223555167	9.6761290554738e-57	89.48942989106753	0.00203884441981227	C	T	1.71385	2.35953e-8	0.538742301760199	TRUE	TRUE
6	28387058	rs67981811	C	G	0.6097655716208943	0.04960537008568891	9.95936e-35	0.674323	0.072144	9.02402e-21	0.6304892090124861	0.04087521963347457	1.1162173316758164e-53	0	0.46090568856113706	C	G	1.50817	0.00295773	0.41089699532746987	TRUE	TRUE
6	27731058	rs13202295	C	T	0.6097655716208943	0.04964234293801373	1.1153399999999999e-34	0.655505	0.0729443	2.55505e-19	0.6242440743516461	0.0410400442901435	3.0073162195941846e-52	0	0.6041876000575694	C	T	1.39822	0.00224115	0.3351999990987232	TRUE	TRUE
16	31261032	rs34572943	G	A	0.5877866649021191	0.04073601768154986	3.3916899999999987e-47	0.333694	0.0598066	2.41146e-8	0.5072620447206729	0.0336680056951458	2.6862354721046743e-51	91.88971104081912	4.4573237005734567e-4	G	A	1.75343	5.83907e-12	0.5615738696415844	TRUE	TRUE
6	26593047	rs35400317	C	T	0.5877866649021191	0.04995908043984999	5.88733e-32	0.635013	0.0740715	1.00832e-17	0.602553055824127	0.04141867467859275	6.025932381619753e-48	0	0.5970933408429441	C	T	1.37361	0.00417159	0.3174423107144073	TRUE	TRUE
6	27123882	rs66462181	T	C	0.5709795465857378	0.0501080536077494	4.43005e-30	0.643219	0.0744369	5.565450000000001e-18	0.5935065590190864	0.04156739916316137	2.9934233627283634e-46	0	0.4207815882328462	T	C	1.37683	0.00314509	0.31978375533497755	TRUE	TRUE
6	33170238	rs41317094	T	C	0.6678293725756554	0.06557376664354994	2.32795e-24	0.65624	0.0702507	9.50824e-21	0.662433278188918	0.04793585328315405	1.953329604116478e-43	0	0.9040095641588112	T	C	1.33358	0.0827165	0.2878670553413912	TRUE	FALSE
6	26021644	rs41266779	C	T	0.5128236264286637	0.05379917210554798	1.54008e-21	0.589005	0.0761214	1.01228e-14	0.5382005668851155	0.04393412668598844	1.6764196205951524e-34	0	0.41377105058333674	C	T	1.38694	0.00436124	0.3270998815649928	TRUE	TRUE
6	25513951	rs35789010	G	A	0.5007752879124892	0.05570256491981739	2.46858e-19	0.562474	0.0807692	3.30826e-12	0.5206619000721169	0.04585515164446082	7.044909267402039e-30	0	0.5294508721890163	G	A	1.28695	0.0207793	0.25227507782045727	TRUE	TRUE
2	232423957	rs2573219	A	C	0.5877866649021191	0.04292916629110727	1.1332699999999999e-42	-0.0641395	0.0702013	0.360899	0.4103506423043082	0.03662409025469288	3.8801124618992406e-29	98.40682052347152	2.3259766323889716e-15	A	C	1.07147	0.420367	0.06903153740608176	TRUE	FALSE
8	54599116	rs7823055	T	G	0.35065687161316933	0.02862083940441999	1.6430299999999994e-34	0.01544	0.0397314	0.697566	0.23613481705067776	0.02322284905955244	2.7491287801598363e-24	97.86621953875331	7.604191176548288e-12	G	T	0.93808	0.319379	0.06392004576623207	TRUE	FALSE
3	129365738	rs9852014	A	G	0.62057648772511	0.04927268469038783	2.25712e-36	-0.0379327	0.0726382	0.601521	0.41306025894055914	0.04077652267940742	4.0725323214566696e-24	98.22336363570324	6.265559244219668e-14	A	G	1.06479	0.83963	0.06277759661965367	TRUE	FALSE
8	11493510	rs4840568	G	A	0.2700271372130602	0.03121969325880815	5.1836e-18	0.221486	0.0428726	2.38963e-7	0.2532066214955718	0.02523739367283916	1.0915542804810082e-23	0	0.36005347966124135	G	A	1.35515	1.15194e-4	0.30391214931175997	TRUE	TRUE
5	151078585	rs10036748	C	T	0.27763173659827955	0.03184129575569734	2.8008799999999996e-18	0.192969	0.0424707	5.53083e-6	0.24716751819793967	0.02547641343266568	2.9617449052085277e-22	60.69035490143951	0.11072065304259122	C	T	1.27746	7.63502e-4	0.24487373145091923	TRUE	TRUE
6	137922602	rs58721818	C	T	0.6575200029167941	0.07559406697400173	3.3767400000000004e-18	0.519614	0.122973	2.38484e-5	0.6196995158214506	0.06439938819007174	6.409131269606982e-22	0	0.339395252780431	C	T	1.6005	0.0179879	0.4703160804277807	TRUE	TRUE
1	113761186	rs6679677	C	A	0.3364722366212129	0.0464853803748585	4.545520000000001e-13	0.302587	0.0527821	9.88143e-9	0.32167040777601047	0.03488502936461905	2.9469243058124285e-20	0	0.6299639769956187	C	A	1.3535	0.0015322	0.3026938300722188	TRUE	TRUE
5	160460329	rs2431098	A	G	0.23570433335906796	0.02973351955910628	2.240950000000001e-15	0.167289	0.0394052	2.18258e-5	0.2108834668830628	0.02373478387856151	6.392289814019158e-19	47.937831466788886	0.1657706400289024	A	G	1.2082	0.00359655	0.18913164872250376	TRUE	TRUE
6	33684765	rs77322067	C	T	0.5187937934151675	0.075726564533403	7.33958e-12	0.554373	0.111527	6.6693e-7	0.5300209892141876	0.06264948985062219	2.6714687465163114e-17	0	0.7918353731099588	C	T	1.40024	0.0786295	0.336643650500443	TRUE	FALSE
16	85933077	rs13332649	A	G	-0.31471074483970024	0.03756825233811251	5.42755e-17	-0.112595	0.0438743	0.0102783	-0.2292093068595785	0.02853624576872872	9.572717561106e-16	91.83288972997184	4.666983677123331e-4	A	G	0.793612	0.00448867	-0.23116060215805279	TRUE	TRUE
5	149822705	rs1078324	C	A	-0.7133498878774648	0.07816646901246015	7.105439999999999e-20	-0.127585	0.0960658	0.184144	-0.4800161081106422	0.06063116933169173	2.4333747822325508e-15	95.52966534074486	2.2489543266193265e-6	C	A	0.810523	0.155124	-0.21007556066431568	TRUE	FALSE
22	21598987	rs5994638	A	G	0.2468600779315258	0.03309526218365675	8.71313e-14	0.110264	0.042817	0.0100171	0.19577300390826763	0.02618500341102144	7.630983426957925e-14	84.30423843271122	0.01159906184346211	A	G	1.13775	0.196472	0.1290526279146143	TRUE	FALSE
19	10349293	rs35251378	G	A	-0.23572233352106983	0.03242655973320144	3.6103000000000003e-13	-0.114382	0.0447798	0.0106395	-0.1939823402274402	0.02626369007590062	1.5136700442152776e-13	79.23919492741241	0.02818413049346808	G	A	0.859545	0.039673	-0.1513520995088193	TRUE	TRUE
6	106126919	rs7768653	T	C	0.20701416938432612	0.0296890709490796	3.10827e-12	0.11867	0.0394211	0.0026097	0.17504072807201307	0.02371562004126601	1.5731731020856934e-13	68.79487394783152	0.07343138621501853	C	T	0.919131	0.13855	0.08432662053928122	TRUE	FALSE
1	173282717	rs10912578	G	A	0.2468600779315258	0.03099179885237656	1.64776e-15	0.0672842	0.0423563	0.112166	0.18424322117896141	0.02501149480628665	1.7537375508560835e-13	91.4581034404693	6.226535584033304e-4	A	G	0.863172	0.023616	0.14714130300639328	TRUE	TRUE
1	161509020	rs6671847	G	A	0.19885085874516517	0.02896508081722554	6.64016e-12	0.108422	0.03905	0.00549478	0.1667563002664543	0.02326393715794528	7.609177875480152e-13	71.09246675451753	0.06289671277965475	G	A	1.3022	6.27134e-5	0.2640551418206247	TRUE	TRUE
12	111535554	rs597808	A	G	-0.16251892949777494	0.02947364240045143	3.50683e-8	-0.178433	0.0393463	5.76222e-6	-0.16823902589799808	0.02358929350689874	9.891524902641213e-13	0	0.746156252086151	A	G	0.913529	0.203563	-0.09044015763622418	TRUE	FALSE
11	35080191	rs353608	G	A	-0.18632957819149348	0.02801977098417335	2.93228e-11	-0.10165	0.0394687	0.0100111	-0.1579532159174018	0.02284766587781303	4.734417057483847e-12	67.32664311012245	0.08021216026532536	A	G	1.16728	0.0210482	-0.15467625597363	TRUE	TRUE
10	48817351	rs7097397	G	A	-0.18632957819149348	0.02871183634902103	8.60398e-11	-0.10422	0.0409047	0.010838	-0.15922771615152218	0.02350043311296883	1.2395734516461434e-11	62.955052077280826	0.10038454392845242	G	A	0.939591	0.174232	-0.062310604787315226	TRUE	FALSE
3	160030028	rs2647928	A	G	-0.16251892949777494	0.03126486510797013	2.013e-7	-0.172208	0.0407261	2.35321e-5	-0.16611172251783046	0.0247997820698201	2.1112916087398367e-11	0	0.8503181779241133	A	G	0.835137	0.00433082	-0.18015949573330906	TRUE	TRUE
2	190567413	rs9630991	A	G	0.13976194237515863	0.02817869547929121	7.05497e-7	0.170724	0.0390014	1.20121e-5	0.15038116700636722	0.02284082010670666	4.583340688882146e-11	0	0.5199075228858624	G	A	0.837993	0.00752144	0.17674553175689942	TRUE	TRUE
4	101822196	rs13135381	A	G	-0.1743533871447778	0.0298583102172111	5.240209999999999e-9	-0.130057	0.0429626	0.00246825	-0.1599263956596357	0.02451852220895816	6.906358453676507e-11	0	0.3971870811911846	A	G	0.825976	0.0101506	-0.19118956157335631	TRUE	TRUE
11	625085	rs58688157	A	G	-0.2231435513142097	0.03356473688291918	2.96791e-11	-0.0851725	0.0483375	0.0780621	-0.1782598411189126	0.0275698607823599	1.0079727313094736e-10	81.80760944016336	0.01905126529646851	A	G	0.87069	0.0518581	-0.1384692782255797	TRUE	FALSE
8	10958061	rs10109025	C	G	-0.15082288973458366	0.0301098467953913	5.46884e-7	-0.165897	0.0411773	5.60519e-5	-0.15607474353770392	0.02430515173155272	1.34966772652347e-10	0	0.7676087681532117	C	G	0.878983	0.0616849	-0.12898972164325528	TRUE	FALSE
12	4903337	rs73050535	C	T	-0.7133498878774648	0.1241341633444946	9.10536e-9	-0.652976	0.271907	0.0163294	-0.7029369643488742	0.11292293457418996	4.817819125891711e-10	0	0.8399282794009731	C	T	1.0733	0.511699	0.07073801450534159	FALSE	FALSE
12	112172910	rs11066188	G	A	0.14842000511827322	0.0292009219056619	3.720750000000001e-7	0.143323	0.0399853	3.3787e-4	0.14664715059800135	0.02358193149627489	5.015354925437061e-10	0	0.918008078007667	G	A	1.09575	0.181423	0.0914390603167815	TRUE	FALSE
17	7330980	rs3809823	C	G	0.1823215567939546	0.03465058785956126	1.42717e-7	0.144358	0.0467142	0.00199995	0.16884740139126436	0.02783019468616981	1.302746354792619e-9	0	0.5139400081256079	C	G	1.16036	0.0510836	0.14873030179886473	TRUE	FALSE
8	9176638	rs367543	T	C	-0.16251892949777494	0.03039377558156034	8.936860000000004e-8	-0.114381	0.0406951	0.00494379	-0.14528205876126027	0.02435160716092306	2.4311762842011993e-9	0	0.3432628850938801	C	T	1.13921	0.0387595	-0.13033503972693475	TRUE	TRUE
16	11097715	rs12928726	G	A	-0.13926206733350766	0.0286938622956125	1.2137799999999998e-6	-0.136058	0.0399767	6.65457e-4	-0.13817263617087042	0.02331073787967251	3.0772296642718927e-9	0	0.9480847462530744	G	A	0.713692	8.13737e-9	-0.3373037822594759	TRUE	TRUE
2	65332507	rs7581149	T	C	0.131028262406404	0.02867123796293344	4.87667e-6	0.139238	0.039519	4.26167e-4	0.13385935416654973	0.02320696148002065	8.018499651364619e-9	0	0.8664657946087321	C	T	0.873581	0.0436355	0.13515442331226024	TRUE	TRUE
2	118692587	rs512681	C	A	-0.3011050927839216	0.0421191900626172	8.748790000000001e-13	-0.0121826	0.0505733	0.809641	-0.18277791013978748	0.03236479634079645	1.6286445565854766e-8	94.81087484855848	1.1341175950519112e-5	C	A	1.02989	0.753629	0.02945200042192822	FALSE	FALSE
8	8506387	rs2921036	C	T	-0.13926206733350766	0.02854435798401676	1.06736e-6	-0.111622	0.0395781	0.00479778	-0.12980443080704415	0.023151370371448	2.0613616973173843e-8	0	0.5711065302141705	T	C	1.18575	0.0133594	-0.17037548577555411	TRUE	TRUE
1	14902605	rs4661543	G	T	-0.2744368457017603	0.04237545624860243	9.39891e-11	0.0233547	0.0785522	0.766226	-0.20731036328034472	0.03729487154676	2.7181808004691305e-8	91.01697681356548	8.48460318699072e-4	T	G	1.02852	0.983605	-0.028120875716654753	TRUE	FALSE
3	146883508	rs1464446	G	T	-0.3285040669720361	0.04014972755246729	2.79229e-16	0.0832334	0.0517096	0.107479	-0.1736419304760831	0.03171272834708925	4.363644910536577e-8	97.4718690218468	3.189630263296281e-10	G	T	1.16597	0.0231758	0.15355335860931135	FALSE	FALSE
