RSID	CHR	BP	P_disco	P_bentham	P_finngen	I2	HetP	Notes
rs4853458	2	191094763	4.0760419728691496e-72	9.883099999999997e-66	1.42988e-12	95.2002825437363	5.007124807902731e-6	
rs13019891	2	113072292	5.635938187339709e-58	1.6471899999999997e-83	0.467499	99.15070500464805	1.972038550866026e-27	
rs35000415	7	128945562	9.676129055473799e-57	1.8609e-45	5.02343e-15	89.48942989106753	0.00203884441981227	
rs67981811	6	28387058	1.1162173316758164e-53	9.95936e-35	9.02402e-21	0	0.46090568856113706	HLA region; High I2 expected due to North-South LD divergence
rs13202295	6	27731058	3.0073162195941846e-52	1.1153399999999999e-34	2.55505e-19	0	0.6041876000575694	HLA region; High I2 expected due to North-South LD divergence
rs34572943	16	31261032	2.6862354721046743e-51	3.3916899999999987e-47	2.41146e-8	91.88971104081912	4.4573237005734567e-4	
rs35400317	6	26593047	6.025932381619753e-48	5.88733e-32	1.00832e-17	0	0.5970933408429441	HLA region; High I2 expected due to North-South LD divergence
rs66462181	6	27123882	2.993423362728363e-46	4.43005e-30	5.565450000000001e-18	0	0.4207815882328462	HLA region; High I2 expected due to North-South LD divergence
rs41317094	6	33170238	1.9533296041164777e-43	2.32795e-24	9.50824e-21	0	0.9040095641588112	HLA region; High I2 expected due to North-South LD divergence
rs41266779	6	26021644	1.6764196205951524e-34	1.54008e-21	1.01228e-14	0	0.41377105058333674	HLA region; High I2 expected due to North-South LD divergence
rs35789010	6	25513951	7.044909267402039e-30	2.46858e-19	3.30826e-12	0	0.5294508721890163	HLA region; High I2 expected due to North-South LD divergence
rs2573219	2	232423957	3.8801124618992406e-29	1.1332699999999999e-42	0.360899	98.40682052347152	2.3259766323889716e-15	
rs7823055	8	54599116	2.7491287801598363e-24	1.6430299999999994e-34	0.697566	97.86621953875331	7.604191176548288e-12	
rs9852014	3	129365738	4.0725323214566696e-24	2.25712e-36	0.601521	98.22336363570324	6.265559244219668e-14	
rs4840568	8	11493510	1.0915542804810082e-23	5.1836e-18	2.38963e-7	0	0.36005347966124135	
rs10036748	5	151078585	2.9617449052085277e-22	2.8008799999999996e-18	5.53083e-6	60.69035490143951	0.11072065304259122	
rs58721818	6	137922602	6.409131269606981e-22	3.37674e-18	2.38484e-5	0	0.339395252780431	
rs6679677	1	113761186	2.9469243058124285e-20	4.545520000000001e-13	9.88143e-9	0	0.6299639769956187	
rs2431098	5	160460329	6.392289814019158e-19	2.240950000000001e-15	2.18258e-5	47.937831466788886	0.1657706400289024	
rs77322067	6	33684765	2.6714687465163108e-17	7.33958e-12	6.6693e-7	0	0.7918353731099588	HLA region; High I2 expected due to North-South LD divergence
rs13332649	16	85933077	9.572717561106e-16	5.42755e-17	0.0102783	91.83288972997184	4.666983677123331e-4	
rs1078324	5	149822705	2.4333747822325508e-15	7.105439999999999e-20	0.184144	95.52966534074486	2.2489543266193265e-6	
rs5994638	22	21598987	7.630983426957925e-14	8.71313e-14	0.0100171	84.30423843271122	0.01159906184346211	
rs35251378	19	10349293	1.5136700442152776e-13	3.6103000000000003e-13	0.0106395	79.23919492741241	0.02818413049346808	
rs7768653	6	106126919	1.5731731020856934e-13	3.10827e-12	0.0026097	68.79487394783152	0.07343138621501853	
rs10912578	1	173282717	1.7537375508560837e-13	1.64776e-15	0.112166	91.4581034404693	6.226535584033304e-4	
rs6671847	1	161509020	7.609177875480152e-13	6.64016e-12	0.00549478	71.09246675451753	0.06289671277965475	
rs597808	12	111535554	9.891524902641213e-13	3.50683e-8	5.76222e-6	0	0.746156252086151	
rs353608	11	35080191	4.734417057483847e-12	2.93228e-11	0.0100111	67.32664311012245	0.08021216026532536	
rs7097397	10	48817351	1.2395734516461434e-11	8.60398e-11	0.010838	62.955052077280826	0.10038454392845242	
rs2647928	3	160030028	2.1112916087398367e-11	2.013e-7	2.35321e-5	0	0.8503181779241133	
rs9630991	2	190567413	4.583340688882146e-11	7.05497e-7	1.20121e-5	0	0.5199075228858624	
rs13135381	4	101822196	6.906358453676507e-11	5.240209999999999e-9	0.00246825	0	0.3971870811911846	
rs58688157	11	625085	1.0079727313094736e-10	2.96791e-11	0.0780621	81.80760944016336	0.01905126529646851	
rs10109025	8	10958061	1.34966772652347e-10	5.46884e-7	5.60519e-5	0	0.7676087681532117	
rs73050535	12	4903337	4.817819125891711e-10	9.10536e-9	0.0163294	0	0.8399282794009731	
rs11066188	12	112172910	5.015354925437061e-10	3.720750000000001e-7	3.3787e-4	0	0.918008078007667	
rs3809823	17	7330980	1.302746354792619e-9	1.42717e-7	0.00199995	0	0.5139400081256079	
rs367543	8	9176638	2.431176284201199e-9	8.936860000000004e-8	0.00494379	0	0.3432628850938801	
rs12928726	16	11097715	3.0772296642718927e-9	1.2137799999999998e-6	6.65457e-4	0	0.9480847462530744	
rs7581149	2	65332507	8.018499651364619e-9	4.87667e-6	4.26167e-4	0	0.8664657946087321	
rs512681	2	118692587	1.6286445565854766e-8	8.748790000000001e-13	0.809641	94.81087484855848	1.1341175950519112e-5	
rs2921036	8	8506387	2.0613616973173843e-8	1.06736e-6	0.00479778	0	0.5711065302141705	
rs4661543	1	14902605	2.7181808004691305e-8	9.39891e-11	0.766226	91.01697681356548	8.48460318699072e-4	
rs1464446	3	146883508	4.363644910536577e-8	2.79229e-16	0.107479	97.4718690218468	3.189630263296281e-10	
