chr:pos:A1:A2	Lead SNP (effect allele)	Cytoband	Top prioritized gene	Novelty	P-value	OR (95% CI)	Heterogeneity P-value	I2 (%)	Biological evidence
6:31973120:G:A	rs389884 (G)	NA	CLIC1	Putative Novel	4.22e-147	2.40 (2.24-2.56)	4.38e-02	75.4	eQTL colocalization in Whole Blood, Spleen (PP4=0.93)
2:191094763:A:G	rs4853458 (A)	2p/q	STAT4	Known Locus	4.08e-72	1.60 (1.52-1.68)	5.01e-06	95.2	Pathway: JAK-STAT / Type I Interferon Signaling; candidate agents: Baricitinib, Tofacitinib (FDA-approved (RA/SLE)) | Pathway: Type II Interferon / IL-12 Signaling; candidate agents: Baricitinib (Olumiant) (FDA-approved SLE 2022)
1:183573188:T:C	rs17849501 (T)	NA	NA	Known Locus	1.45e-71	2.16 (1.98-2.34)	9.12e-02	65.0	NA
1:183471396:G:A	rs41272536 (G)	NA	NA	Putative Novel	4.55e-64	2.19 (2.00-2.40)	5.40e-02	73.1	NA
16:31261032:A:G	rs34572943 (A)	16p/q	ITGAM	Known Locus	2.69e-51	1.66 (1.55-1.77)	4.46e-04	91.9	Pathway: Complement Receptor / Neutrophil Adhesion; candidate agents: Eculizumab (C5), Avacopan (C5a) (Approved / Phase III)
16:85933077:G:A	rs13332649 (G)	16p/q	IRF8	Known Locus	9.57e-16	0.80 (0.75-0.84)	4.67e-04	91.8	Pathway: Myeloid / Interferon Response; candidate agents: Anifrolumab, Baricitinib (Approved)
1:173282717:A:G	rs10912578 (A)	1p/q	TNFSF4	Known Locus	1.75e-13	1.20 (1.14-1.26)	6.23e-04	91.5	Pathway: T-cell Co-stimulation (OX40L); candidate agents: Itepekimab (OX40L pathway) (Phase II SLE)
1:161509020:A:G	rs6671847 (A)	1p/q	FCGR2A	Known Locus	7.61e-13	1.18 (1.13-1.24)	6.29e-02	71.1	Pathway: Fc Receptor / Immune Complex Clearance; candidate agents: IVIG, Efgartigimod (FcRn) (Approved / Phase III)
3:160030028:G:A	rs2647928 (G)	3p/q	IL12A	Putative Novel	2.11e-11	0.85 (0.81-0.89)	8.50e-01	0.0	Pathway: IL-12 / Th1 Polarization; candidate agents: Ustekinumab (Stelara) (Approved / SLE studies)
8:11157106:T:G	rs34208825 (T)	NA	NA	Known (near XKR6)	2.44e-11	1.17 (1.12-1.22)	6.84e-01	0.0	NA
16:11097715:A:G	rs12928726 (A)	16p/q	CLEC16A	Known (near CLEC16A)	3.08e-09	0.87 (0.83-0.91)	9.48e-01	0.0	Pathway: Autophagy / MHC-II Regulation; candidate agents: Sirolimus, Everolimus (Investigational SLE)
8:8782662:C:A	rs693109 (C)	NA	NA	Putative Novel	4.66e-09	1.14 (1.09-1.20)	7.13e-01	0.0	NA
7:74190835:T:C	rs150727739 (T)	NA	NA	Putative Novel	1.70e-08	1.64 (1.38-1.94)	6.65e-01	0.0	NA
7:74526237:T:C	rs12533633 (T)	NA	NA	Putative Novel	4.30e-08	1.58 (1.34-1.86)	9.69e-01	0.0	NA
