RSID	CHR	BP	OA	EA	BETA_disco	P_disco	BETA_rep	P_rep	I2	HetP	Gene	Region	Known_SLE	Replicated	Notes	Known_GWAS_Catalog	Novel
rs4853458	2	191094763	G	A	0.470411227499651	4.07604197286915e-72	0.432877415718502	5.42202e-10	95.2002825437363	5.00712480790273e-06	STAT4	2p/q	FALSE	TRUE		FALSE	TRUE
rs13019891	2	113072292	G	T	-0.376010512047201	5.63593818733971e-58	-0.0119399989305739	0.884447	99.1507050046481	1.97203855086603e-27	IL1F10	2p/q	TRUE	FALSE		FALSE	TRUE
rs35000415	7	128945562	C	T	0.505525533587978	9.6761290554738e-57	0.538742301760199	2.35953e-08	89.4894298910675	0.00203884441981227	IRF5	7p/q	FALSE	TRUE		TRUE	FALSE
rs67981811	6	28387058	C	G	0.630489209012486	1.11621733167582e-53	0.41089699532747	0.00295773	0	0.460905688561137	HLA / ZSCAN12	6p/q	FALSE	TRUE	HLA region; High I2 expected due to North-South LD divergence	FALSE	TRUE
rs13202295	6	27731058	C	T	0.624244074351646	3.00731621959419e-52	0.335199999098723	0.00224115	0	0.604187600057569	HLA / H2BC13	6p/q	FALSE	TRUE	HLA region; High I2 expected due to North-South LD divergence	FALSE	TRUE
rs34572943	16	31261032	G	A	0.507262044720673	2.68623547210467e-51	0.561573869641584	5.83907e-12	91.8897110408191	0.000445732370057346	ITGAM	16p/q	FALSE	TRUE		TRUE	FALSE
rs35400317	6	26593047	C	T	0.602553055824127	6.02593238161975e-48	0.317442310714407	0.00417159	0	0.597093340842944	HLA / ABT1	6p/q	FALSE	TRUE	HLA region; High I2 expected due to North-South LD divergence	FALSE	TRUE
rs66462181	6	27123882	T	C	0.593506559019087	2.99342336272836e-46	0.319783755334978	0.00314509	0	0.420781588232846	HLA / H2BC11	6p/q	FALSE	TRUE	HLA region; High I2 expected due to North-South LD divergence	FALSE	TRUE
rs41317094	6	33170238	T	C	0.662433278188918	1.95332960411648e-43	0.287867055341391	0.0827165	0	0.904009564158811	HLA / COL11A2	6p/q	FALSE	FALSE	HLA region; High I2 expected due to North-South LD divergence	FALSE	TRUE
rs41266779	6	26021644	C	T	0.538200566885116	1.67641962059515e-34	0.327099881564993	0.00436124	0	0.413771050583337	HLA / H4C1	6p/q	FALSE	TRUE	HLA region; High I2 expected due to North-South LD divergence	FALSE	TRUE
rs35789010	6	25513951	G	A	0.520661900072117	7.04490926740204e-30	0.252275077820457	0.0207793	0	0.529450872189016	HLA / CARMIL1	6p/q	FALSE	TRUE	HLA region; High I2 expected due to North-South LD divergence	TRUE	FALSE
rs2573219	2	232423957	A	C	0.410350642304308	3.88011246189924e-29	0.0690315374060818	0.420367	98.4068205234715	2.32597663238897e-15	ALPG	2p/q	FALSE	FALSE		FALSE	TRUE
rs7823055	8	54599116	T	G	0.236134817050678	2.74912878015984e-24	0.0639200457662321	0.319379	97.8662195387533	7.60419117654829e-12	RP1	8p/q	FALSE	FALSE		FALSE	TRUE
rs9852014	3	129365738	A	G	0.413060258940559	4.07253232145667e-24	0.0627775966196537	0.83963	98.2233636357032	6.26555924421967e-14	EFCAB12	3p/q	FALSE	FALSE		FALSE	TRUE
rs4840568	8	11493510	G	A	0.253206621495572	1.09155428048101e-23	0.30391214931176	0.000115194	0	0.360053479661241	BLK	8p/q	FALSE	TRUE		FALSE	TRUE
rs10036748	5	151078585	C	T	0.24716751819794	2.96174490520853e-22	0.244873731450919	0.000763502	60.6903549014395	0.110720653042591	TNIP1	5p/q	FALSE	TRUE		TRUE	FALSE
rs58721818	6	137922602	C	T	0.619699515821451	6.40913126960698e-22	0.470316080427781	0.0179879	0	0.339395252780431	TNFAIP3	6p/q	FALSE	TRUE		TRUE	FALSE
rs6679677	1	113761186	C	A	0.32167040777601	2.94692430581243e-20	0.302693830072219	0.0015322	0	0.629963976995619	RSBN1	1p/q	FALSE	TRUE		TRUE	FALSE
rs2431098	5	160460329	A	G	0.210883466883063	6.39228981401916e-19	0.189131648722504	0.00359655	47.9378314667889	0.165770640028902	PTTG1	5p/q	FALSE	TRUE		TRUE	FALSE
rs77322067	6	33684765	C	T	0.530020989214188	2.67146874651631e-17	0.336643650500443	0.0786295	0	0.791835373109959	HLA / ITPR3	6p/q	FALSE	FALSE	HLA region; High I2 expected due to North-South LD divergence	FALSE	TRUE
rs13332649	16	85933077	A	G	-0.229209306859579	9.572717561106e-16	-0.231160602158053	0.00448867	91.8328897299718	0.000466698367712333	IRF8	16p/q	FALSE	TRUE		TRUE	FALSE
rs1078324	5	149822705	C	A	-0.480016108110642	2.43337478223255e-15	-0.210075560664316	0.155124	95.5296653407449	2.24895432661933e-06	PPARGC1B	5p/q	FALSE	FALSE		FALSE	TRUE
rs5994638	22	21598987	A	G	0.195773003908268	7.63098342695793e-14	0.129052627914614	0.196472	84.3042384327112	0.0115990618434621	UBE2L3	22p/q	FALSE	FALSE		FALSE	TRUE
rs35251378	19	10349293	G	A	-0.19398234022744	1.51367004421528e-13	-0.151352099508819	0.039673	79.2391949274124	0.0281841304934681	TYK2	19p/q	FALSE	TRUE		FALSE	TRUE
rs7768653	6	106126919	T	C	0.175040728072013	1.57317310208569e-13	0.0843266205392812	0.13855	68.7948739478315	0.0734313862150185	ATG5	6p/q	FALSE	FALSE		FALSE	TRUE
rs10912578	1	173282717	G	A	0.184243221178961	1.75373755085608e-13	0.147141303006393	0.023616	91.4581034404693	0.000622653558403331	TNFSF4	1p/q	FALSE	TRUE		TRUE	FALSE
rs6671847	1	161509020	G	A	0.166756300266454	7.60917787548015e-13	0.264055141820625	6.27134e-05	71.0924667545175	0.0628967127796548	FCGR2A	1p/q	FALSE	TRUE		TRUE	FALSE
rs597808	12	111535554	A	G	-0.168239025897998	9.89152490264121e-13	-0.0904401576362242	0.203563	0	0.746156252086151	ATXN2	12p/q	FALSE	FALSE		TRUE	FALSE
rs353608	11	35080191	G	A	-0.157953215917402	4.73441705748385e-12	-0.15467625597363	0.0210482	67.3266431101225	0.0802121602653254	CD44	11p/q	FALSE	TRUE		FALSE	TRUE
rs7097397	10	48817351	G	A	-0.159227716151522	1.23957345164614e-11	-0.0623106047873152	0.174232	62.9550520772808	0.100384543928452	WDFY4	10p/q	FALSE	FALSE		TRUE	FALSE
rs2647928	3	160030028	A	G	-0.16611172251783	2.11129160873984e-11	-0.180159495733309	0.00433082	0	0.850318177924113	IL12A	3p/q	FALSE	TRUE		FALSE	TRUE
rs9630991	2	190567413	A	G	0.150381167006367	4.58334068888215e-11	0.176745531756899	0.00752144	0	0.519907522885862	NEMP2	2p/q	FALSE	TRUE		TRUE	FALSE
rs13135381	4	101822196	A	G	-0.159926395659636	6.90635845367651e-11	-0.191189561573356	0.0101506	0	0.397187081191185	BANK1	4p/q	FALSE	TRUE		FALSE	TRUE
rs58688157	11	625085	A	G	-0.178259841118913	1.00797273130947e-10	-0.13846927822558	0.0518581	81.8076094401634	0.0190512652964685	CDHR5	11p/q	FALSE	FALSE		TRUE	FALSE
rs10109025	8	10958061	C	G	-0.156074743537704	1.34966772652347e-10	-0.128989721643255	0.0616849	0	0.767608768153212	XKR6	8p/q	FALSE	FALSE		FALSE	TRUE
rs73050535	12	4903337	C	T	-0.702936964348874	4.81781912589171e-10	0.0707380145053416	0.511699	0	0.839928279400973	KCNA1	12p/q	FALSE	FALSE		FALSE	TRUE
rs11066188	12	112172910	G	A	0.146647150598001	5.01535492543706e-10	0.0914390603167815	0.181423	0	0.918008078007667	HECTD4	12p/q	FALSE	FALSE		FALSE	TRUE
rs3809823	17	7330980	C	G	0.168847401391264	1.30274635479262e-09	0.148730301798865	0.0510836	0	0.513940008125608	NEURL4	17p/q	FALSE	FALSE		FALSE	TRUE
rs367543	8	9176638	T	C	-0.14528205876126	2.4311762842012e-09	-0.130335039726935	0.0387595	0	0.34326288509388	PPP1R3B	8p/q	FALSE	TRUE		FALSE	TRUE
rs12928726	16	11097715	G	A	-0.13817263617087	3.07722966427189e-09	-0.337303782259476	8.13737e-09	0	0.948084746253074	CLEC16A	16p/q	FALSE	TRUE		FALSE	TRUE
rs7581149	2	65332507	T	C	0.13385935416655	8.01849965136462e-09	0.13515442331226	0.0436355	0	0.866465794608732	SPRED2	2p/q	FALSE	TRUE		FALSE	TRUE
rs512681	2	118692587	C	A	-0.182777910139787	1.62864455658548e-08	0.0294520004219282	0.753629	94.8108748485585	1.13411759505191e-05	EN1	2p/q	FALSE	FALSE		FALSE	TRUE
rs2921036	8	8506387	C	T	-0.129804430807044	2.06136169731738e-08	-0.170375485775554	0.0133594	0	0.571106530214171	PRAG1	8p/q	FALSE	TRUE		FALSE	TRUE
rs4661543	1	14902605	G	T	-0.207310363280345	2.71818080046913e-08	-0.0281208757166548	0.983605	91.0169768135655	0.000848460318699072	KAZN	1p/q	FALSE	FALSE		FALSE	TRUE
rs1464446	3	146883508	G	T	-0.173641930476083	4.36364491053658e-08	0.153553358609311	0.0231758	97.4718690218468	3.18963026329628e-10	LINC02010	3p/q	FALSE	FALSE		FALSE	TRUE
