RSID	CHR	BP	P_meta	BETA	LAVA_LOC	LAVA_rg	LAVA_P	LAVA_Status	Redundancy	Final_Assessment	Gene	Region	Novelty
rs4661543	1	14902605	2.71818080046913e-08	-0.207310363280345	16	-0.482393	0.0762626	Filtered (Spurious/No Local Signal)	Independent	LOW CONFIDENCE/SKEPTICAL	KAZN	1p/q	Putative Novel
rs6679677	1	113761186	2.94692430581243e-20	0.32167040777601	100			Insufficient Local Signal	Independent	LOW CONFIDENCE/SKEPTICAL	RSBN1	1p/q	Known Locus
rs6671847	1	161509020	7.60917787548015e-13	0.166756300266454	118	0.999604	1.60374e-05	Confirmed (Bonferroni)	Independent	HIGH CONFIDENCE	FCGR2A	1p/q	Known Locus
rs10912578	1	173282717	1.75373755085608e-13	0.184243221178961	130	0.678914	0.000438834	Confirmed (Bonferroni)	Independent	HIGH CONFIDENCE	TNFSF4	1p/q	Known Locus
rs17849501	1	183573188	1.45368061174851e-71	0.768108252625837	138	0.730978	2.89229e-12	Confirmed (Bonferroni)	Shared LAVA Block	HIGH CONFIDENCE			Known Locus
rs7581149	2	65332507	8.01849965136462e-09	0.13385935416655	271	-0.03279	0.883289	Filtered (Spurious/No Local Signal)	Independent	LOW CONFIDENCE/SKEPTICAL	SPRED2	2p/q	Putative Novel
rs13019891	2	113072292	5.63593818733971e-58	-0.376010512047201	306	-0.178859	0.44645	Filtered (Spurious/No Local Signal)	Independent	LOW CONFIDENCE/SKEPTICAL	IL1F10	2p/q	Putative Novel
rs512681	2	118692587	1.62864455658548e-08	-0.182777910139787	311			Insufficient Local Signal	Independent	LOW CONFIDENCE/SKEPTICAL	EN1	2p/q	Putative Novel
rs2293765	2	190656119	5.8629839941452e-20	0.220971588722945	373			Insufficient Local Signal	Independent	LOW CONFIDENCE/SKEPTICAL			Known (near STAT4)
rs4853458	2	191094763	4.07604197286915e-72	0.470411227499651	374	0.772622	4.77147e-13	Confirmed (Bonferroni)	Independent	HIGH CONFIDENCE	STAT4	2p/q	Known Locus
rs2573219	2	232423957	3.88011246189924e-29	0.410350642304308	408	-0.415927	0.237558	Filtered (Spurious/No Local Signal)	Independent	LOW CONFIDENCE/SKEPTICAL	ALPG	2p/q	Putative Novel
rs9852014	3	129365738	4.07253232145667e-24	0.413060258940559	534			Insufficient Local Signal	Independent	LOW CONFIDENCE/SKEPTICAL	EFCAB12	3p/q	Putative Novel
rs1464446	3	146883508	4.36364491053658e-08	-0.173641930476083	549			Insufficient Local Signal	Independent	LOW CONFIDENCE/SKEPTICAL	LINC02010	3p/q	Putative Novel
rs2647928	3	160030028	2.11129160873984e-11	-0.16611172251783	561	0.566836	0.0175157	Confirmed (Nominal)	Independent	HIGH CONFIDENCE	IL12A	3p/q	Putative Novel
rs13135381	4	101822196	6.906358453676509e-11	-0.159926395659636	691			Insufficient Local Signal	Independent	LOW CONFIDENCE/SKEPTICAL	BANK1	4p/q	Putative Novel
rs1078324	5	149822705	2.4333747822325504e-15	-0.480016108110642	898			Insufficient Local Signal	Independent	LOW CONFIDENCE/SKEPTICAL	PPARGC1B	5p/q	Putative Novel
rs10036748	5	151078585	2.96174490520853e-22	0.24716751819794	900			Insufficient Local Signal	Independent	LOW CONFIDENCE/SKEPTICAL	TNIP1	5p/q	Known Locus
rs2431098	5	160460329	6.392289814019161e-19	0.210883466883063	909	0.344468	0.068992	Filtered (Spurious/No Local Signal)	Independent	LOW CONFIDENCE/SKEPTICAL	PTTG1	5p/q	Known Locus
rs389884	6	31973120	4.21736842333862e-147	0.873982262822296	961	0.623357	2.88103e-13	Confirmed (Bonferroni)	Independent	HIGH CONFIDENCE			Putative Novel
rs7768653	6	106126919	1.57317310208569e-13	0.175040728072013	1037	-0.0380912	0.836205	Filtered (Spurious/No Local Signal)	Independent	LOW CONFIDENCE/SKEPTICAL	ATG5	6p/q	Putative Novel
rs58721818	6	137922602	6.40913126960698e-22	0.619699515821451	1063			Insufficient Local Signal	Independent	LOW CONFIDENCE/SKEPTICAL	TNFAIP3	6p/q	Known Locus
rs12533633	7	74526237	4.30125664185765e-08	0.455326571192328	1166	0.65409	0.0124439	Confirmed (Nominal)	Shared LAVA Block	HIGH CONFIDENCE			Putative Novel
rs35000415	7	128945562	9.676129055473799e-57	0.505525533587978	1208			Insufficient Local Signal	Independent	LOW CONFIDENCE/SKEPTICAL	IRF5	7p/q	Known Locus
rs693109	8	8782662	4.66088765198298e-09	0.13376061416755	1247	1.0	0.0308989	Confirmed (Nominal)	Independent	HIGH CONFIDENCE			Putative Novel
rs367543	8	9176638	2.4311762842012e-09	-0.14528205876126	1248			Insufficient Local Signal	Independent	LOW CONFIDENCE/SKEPTICAL	PPP1R3B	8p/q	Putative Novel
rs34208825	8	11157106	2.4384776438322598e-11	0.155682029237345	1250	0.991159	5.87756e-06	Confirmed (Bonferroni)	Independent	HIGH CONFIDENCE			Known (near XKR6)
rs4840568	8	11493510	1.0915542804810101e-23	0.253206621495572	1251			Insufficient Local Signal	Shared LAVA Block	LOW CONFIDENCE/SKEPTICAL	BLK	8p/q	Known (near BLK)
rs7823055	8	54599116	2.74912878015984e-24	0.236134817050678	1291	0.0890719	0.763022	Filtered (Spurious/No Local Signal)	Independent	LOW CONFIDENCE/SKEPTICAL	RP1	8p/q	Putative Novel
rs7097397	10	48817351	1.2395734516461399e-11	-0.159227716151522	1531			Insufficient Local Signal	Independent	LOW CONFIDENCE/SKEPTICAL	WDFY4	10p/q	Known Locus
rs58688157	11	625085	1.0079727313094701e-10	-0.178259841118913	1610			Insufficient Local Signal	Independent	LOW CONFIDENCE/SKEPTICAL	CDHR5	11p/q	Known Locus
rs353608	11	35080191	4.734417057483849e-12	-0.157953215917402	1647			Insufficient Local Signal	Independent	LOW CONFIDENCE/SKEPTICAL	CD44	11p/q	Known (near CD44)
rs73050535	12	4903337	4.817819125891711e-10	-0.702936964348874	1744	0.254923	0.358348	Filtered (Spurious/No Local Signal)	Independent	LOW CONFIDENCE/SKEPTICAL	KCNA1	12p/q	Putative Novel
rs597808	12	111535554	9.89152490264121e-13	-0.168239025897998	1840			Insufficient Local Signal	Independent	LOW CONFIDENCE/SKEPTICAL	ATXN2	12p/q	Known Locus
rs11066188	12	112172910	5.01535492543706e-10	0.146647150598001	1841			Insufficient Local Signal	Shared LAVA Block	LOW CONFIDENCE/SKEPTICAL	HECTD4	12p/q	Putative Novel
rs12928726	16	11097715	3.07722966427189e-09	-0.13817263617087	2115	1.0	0.000276765	Confirmed (Bonferroni)	Independent	HIGH CONFIDENCE	CLEC16A	16p/q	Known (near CLEC16A)
rs34572943	16	31261032	2.68623547210467e-51	0.507262044720673	2128	0.708497	2.8444e-10	Confirmed (Bonferroni)	Independent	HIGH CONFIDENCE	ITGAM	16p/q	Known Locus
rs13332649	16	85933077	9.572717561106e-16	-0.229209306859579	2167	0.422142	0.0139644	Confirmed (Nominal)	Independent	HIGH CONFIDENCE	IRF8	16p/q	Known Locus
rs3809823	17	7330980	1.30274635479262e-09	0.168847401391264	2181	0.196734	0.435274	Filtered (Spurious/No Local Signal)	Independent	LOW CONFIDENCE/SKEPTICAL	NEURL4	17p/q	Putative Novel
rs138214281	17	39829853	2.63328809361475e-08	0.436710217948494	2204	0.20912	0.543975	Filtered (Spurious/No Local Signal)	Independent	LOW CONFIDENCE/SKEPTICAL			Putative Novel
rs35251378	19	10349293	1.51367004421528e-13	-0.19398234022744	2318	-0.0905985	0.606964	Filtered (Spurious/No Local Signal)	Independent	LOW CONFIDENCE/SKEPTICAL	TYK2	19p/q	Known (near TYK2)
rs73068668	19	55251894	9.66246640347931e-10	-0.280699584631791	2364			Insufficient Local Signal	Independent	LOW CONFIDENCE/SKEPTICAL			Putative Novel
rs5994638	22	21598987	7.63098342695792e-14	0.195773003908268	2466			Insufficient Local Signal	Independent	LOW CONFIDENCE/SKEPTICAL	UBE2L3	22p/q	Putative Novel
