RSID	CHR	BP	Gene	catalog_snps_in_1Mb	sle_snps_in_1Mb	nearest_sle_snp	distance_kb	all_sle_snps_in_window
rs41272536	1	183471396		232	15	rs11577151	58.7	rs10911363;rs10911390;rs11577151;rs1174683;rs12565776;rs13306575;rs16860537;rs17484292;rs17849501;rs17849502;rs2274065;rs2500125;rs525410;rs66977652;rs946173
rs13019891	2	113072292	IL1F10	437	0			
rs2573219	2	232423957	ALPG	369	0			
rs7823055	8	54599116	RP1	86	0			
rs9852014	3	129365738	EFCAB12	205	0			
rs1078324	5	149822705	PPARGC1B	260	0			
rs7768653	6	106126919	ATG5	134	10	rs802791	5.5	rs12213031;rs1322178;rs2299864;rs3827644;rs548234;rs56886418;rs6568431;rs742108;rs802791;rs9373839
rs2647928	3	160030028	IL12A	183	6	rs485499	2.0	rs485499;rs564799;rs564976;rs583911;rs6441275;rs77583790
rs73050535	12	4903337	KCNA1	119	0			
rs11066320	12	112468611		273	5	rs11066301	35.0	rs11066301;rs1131476;rs17630235;rs76596471;rs7970893
rs73068668	19	55251894		391	2	rs10419308	23.4	rs10419308;rs56154925
rs3809823	17	7330980	NEURL4	757	3	rs9899849	0.7	rs35776863;rs61759532;rs9899849
rs367543	8	9176638	PPP1R3B	723	8	rs330048	53.1	rs1039917;rs11249913;rs11778913;rs17155242;rs330048;rs332013;rs4841067;rs6601327
rs693109	8	8782662		702	9	rs1039917	78.7	rs1039917;rs11778913;rs12678166;rs17155242;rs2980512;rs330048;rs332013;rs4469458;rs4841067
rs512681	2	118692587	EN1	237	0			
rs150727739	7	74190835		221	17	rs10716716	2.8	rs10716716;rs116991837;rs1293361;rs13244581;rs150518861;rs150724213;rs193107685;rs2267828;rs372942110;rs530634980;rs67955681;rs68008267;rs73135369;rs73366469;rs7800325;rs78290495;rs79171842
rs138214281	17	39829853		662	9	rs9303277	9.6	rs11655550;rs12232497;rs143123127;rs2941509;rs4252665;rs8067378;rs9303277;rs9892055;rs9911688
rs4661543	1	14902605	KAZN	98	0			
rs12533633	7	74526237		192	21	rs73135369	0.4	rs10716716;rs116991837;rs117026326;rs1293361;rs13244581;rs143176121;rs150518861;rs150724213;rs193107685;rs199789198;rs2267828;rs372942110;rs530634980;rs587680541;rs67955681;rs68008267;rs73135369;rs73366469;rs7800325;rs78290495;rs79171842
rs1464446	3	146883508	LINC02010	105	0			
rs11066188	12	112172910	ALDH2	294	3	rs17630235	19.0	rs11066301;rs17630235;rs76596471
